-- phpMyAdmin SQL Dump
-- version 4.8.4
-- https://www.phpmyadmin.net/
--
-- Host: 127.0.0.1:3306
-- Generation Time: Oct 30, 2019 at 02:34 AM
-- Server version: 5.7.24
-- PHP Version: 7.2.14

SET SQL_MODE = "NO_AUTO_VALUE_ON_ZERO";
SET AUTOCOMMIT = 0;
START TRANSACTION;
SET time_zone = "+00:00";


/*!40101 SET @OLD_CHARACTER_SET_CLIENT=@@CHARACTER_SET_CLIENT */;
/*!40101 SET @OLD_CHARACTER_SET_RESULTS=@@CHARACTER_SET_RESULTS */;
/*!40101 SET @OLD_COLLATION_CONNECTION=@@COLLATION_CONNECTION */;
/*!40101 SET NAMES utf8mb4 */;

--
-- Database: `tdh_petro`
--

-- --------------------------------------------------------

--
-- Table structure for table `divisions`
--

DROP TABLE IF EXISTS `divisions`;
CREATE TABLE IF NOT EXISTS `divisions` (
  `id` int(10) UNSIGNED NOT NULL AUTO_INCREMENT,
  `name` varchar(255) COLLATE utf8mb4_unicode_ci NOT NULL,
  `created_at` timestamp NULL DEFAULT NULL,
  `updated_at` timestamp NULL DEFAULT NULL,
  PRIMARY KEY (`id`)
) ENGINE=MyISAM AUTO_INCREMENT=8 DEFAULT CHARSET=utf8mb4 COLLATE=utf8mb4_unicode_ci;

--
-- Dumping data for table `divisions`
--

INSERT INTO `divisions` (`id`, `name`, `created_at`, `updated_at`) VALUES
(1, 'Nursing', NULL, NULL),
(2, 'Medical', NULL, NULL),
(3, 'Ancillary', NULL, NULL),
(4, 'MCC', '2019-08-22 08:24:00', '2019-08-22 08:24:00'),
(5, 'QMD', '2019-08-22 08:24:02', '2019-08-22 08:24:02'),
(6, 'FMD', '2019-08-22 08:24:03', '2019-08-22 08:24:03'),
(7, 'HOPSS', '2019-08-22 08:24:07', '2019-08-22 08:24:07');

-- --------------------------------------------------------

--
-- Table structure for table `migrations`
--

DROP TABLE IF EXISTS `migrations`;
CREATE TABLE IF NOT EXISTS `migrations` (
  `id` int(10) UNSIGNED NOT NULL AUTO_INCREMENT,
  `migration` varchar(255) COLLATE utf8mb4_unicode_ci NOT NULL,
  `batch` int(11) NOT NULL,
  PRIMARY KEY (`id`)
) ENGINE=MyISAM AUTO_INCREMENT=8 DEFAULT CHARSET=utf8mb4 COLLATE=utf8mb4_unicode_ci;

--
-- Dumping data for table `migrations`
--

INSERT INTO `migrations` (`id`, `migration`, `batch`) VALUES
(1, '2019_07_25_135059_participant', 1),
(2, '2019_07_26_143103_division', 1),
(3, '2019_08_07_112800_training', 1),
(4, '2019_08_14_085401_create_monitorings_table', 1),
(5, '2019_08_14_111638_create_orders_table', 1),
(6, '2019_08_16_143727_create_users_table', 1),
(7, '2019_08_22_092149_add_column_to_participants', 1);

-- --------------------------------------------------------

--
-- Table structure for table `monitoring`
--

DROP TABLE IF EXISTS `monitoring`;
CREATE TABLE IF NOT EXISTS `monitoring` (
  `id` int(10) UNSIGNED NOT NULL AUTO_INCREMENT,
  `participant_id` int(10) UNSIGNED NOT NULL,
  `training_id` int(10) UNSIGNED NOT NULL,
  `self` int(11) NOT NULL,
  `supervisor` int(11) NOT NULL,
  `created_at` timestamp NULL DEFAULT NULL,
  `updated_at` timestamp NULL DEFAULT NULL,
  PRIMARY KEY (`id`),
  KEY `monitoring_participant_id_foreign` (`participant_id`),
  KEY `monitoring_training_id_foreign` (`training_id`)
) ENGINE=MyISAM AUTO_INCREMENT=1104 DEFAULT CHARSET=utf8mb4 COLLATE=utf8mb4_unicode_ci;

--
-- Dumping data for table `monitoring`
--

INSERT INTO `monitoring` (`id`, `participant_id`, `training_id`, `self`, `supervisor`, `created_at`, `updated_at`) VALUES
(24, 4, 3, 0, 0, NULL, NULL),
(30, 37, 10, 0, 0, NULL, NULL),
(26, 232, 3, 0, 0, NULL, NULL),
(29, 44, 10, 0, 0, NULL, NULL),
(27, 450, 10, 0, 0, NULL, NULL),
(28, 41, 10, 0, 0, NULL, NULL),
(25, 237, 3, 0, 0, NULL, NULL),
(31, 15, 10, 0, 0, NULL, NULL),
(32, 76, 10, 0, 0, NULL, NULL),
(33, 66, 10, 0, 0, NULL, NULL),
(34, 101, 10, 0, 0, NULL, NULL),
(35, 302, 10, 0, 0, NULL, NULL),
(36, 172, 10, 0, 0, NULL, NULL),
(37, 167, 10, 0, 0, NULL, NULL),
(38, 175, 11, 0, 0, NULL, NULL),
(39, 170, 10, 0, 0, NULL, NULL),
(40, 452, 10, 0, 0, NULL, NULL),
(41, 58, 10, 0, 0, NULL, NULL),
(42, 135, 10, 0, 0, NULL, NULL),
(43, 152, 10, 0, 0, NULL, NULL),
(44, 59, 10, 0, 0, NULL, NULL),
(45, 165, 10, 0, 0, NULL, NULL),
(46, 322, 10, 0, 0, NULL, NULL),
(47, 316, 10, 0, 0, NULL, NULL),
(48, 158, 10, 0, 0, NULL, NULL),
(49, 42, 10, 0, 0, NULL, NULL),
(50, 453, 10, 0, 0, NULL, NULL),
(51, 175, 10, 0, 0, NULL, NULL),
(52, 310, 10, 0, 0, NULL, NULL),
(53, 173, 10, 0, 0, NULL, NULL),
(54, 314, 10, 0, 0, NULL, NULL),
(55, 311, 10, 0, 0, NULL, NULL),
(56, 61, 11, 0, 0, NULL, NULL),
(57, 136, 11, 0, 0, NULL, NULL),
(58, 454, 11, 0, 0, NULL, NULL),
(59, 455, 11, 0, 0, NULL, NULL),
(60, 456, 11, 0, 0, NULL, NULL),
(61, 457, 11, 0, 0, NULL, NULL),
(62, 370, 11, 0, 0, NULL, NULL),
(63, 218, 11, 0, 0, NULL, NULL),
(64, 401, 11, 0, 0, NULL, NULL),
(65, 475, 11, 0, 0, NULL, NULL),
(66, 409, 11, 0, 0, NULL, NULL),
(67, 215, 11, 0, 0, NULL, NULL),
(68, 400, 11, 0, 0, NULL, NULL),
(69, 376, 11, 0, 0, NULL, NULL),
(70, 470, 11, 0, 0, NULL, NULL),
(71, 82, 11, 0, 0, NULL, NULL),
(72, 468, 11, 0, 0, NULL, NULL),
(73, 79, 11, 0, 0, NULL, NULL),
(74, 109, 11, 0, 0, NULL, NULL),
(75, 73, 11, 0, 0, NULL, NULL),
(76, 90, 11, 0, 0, NULL, NULL),
(77, 463, 11, 0, 0, NULL, NULL),
(78, 462, 11, 0, 0, NULL, NULL),
(79, 94, 11, 0, 0, NULL, NULL),
(80, 460, 11, 0, 0, NULL, NULL),
(81, 459, 11, 0, 0, NULL, NULL),
(82, 458, 11, 0, 0, NULL, NULL),
(83, 479, 11, 0, 0, NULL, NULL),
(84, 350, 11, 0, 0, NULL, NULL),
(85, 366, 11, 0, 0, NULL, NULL),
(86, 192, 11, 0, 0, NULL, NULL),
(87, 420, 11, 0, 0, NULL, NULL),
(88, 288, 11, 0, 0, NULL, NULL),
(89, 413, 11, 0, 0, NULL, NULL),
(90, 267, 11, 0, 0, NULL, NULL),
(91, 187, 11, 0, 0, NULL, NULL),
(92, 480, 11, 0, 0, NULL, NULL),
(93, 281, 11, 0, 0, NULL, NULL),
(94, 257, 11, 0, 0, NULL, NULL),
(95, 382, 11, 0, 0, NULL, NULL),
(96, 196, 11, 0, 0, NULL, NULL),
(97, 259, 11, 0, 0, NULL, NULL),
(98, 481, 11, 0, 0, NULL, NULL),
(99, 364, 11, 0, 0, NULL, NULL),
(100, 280, 11, 0, 0, NULL, NULL),
(101, 385, 11, 0, 0, NULL, NULL),
(102, 222, 11, 0, 0, NULL, NULL),
(103, 436, 11, 0, 0, NULL, NULL),
(104, 390, 11, 0, 0, NULL, NULL),
(105, 332, 11, 0, 0, NULL, NULL),
(106, 289, 11, 0, 0, NULL, NULL),
(107, 482, 11, 0, 0, NULL, NULL),
(108, 483, 11, 0, 0, NULL, NULL),
(109, 484, 11, 0, 0, NULL, NULL),
(110, 249, 11, 0, 0, NULL, NULL),
(111, 229, 11, 0, 0, NULL, NULL),
(112, 210, 11, 0, 0, NULL, NULL),
(113, 446, 11, 0, 0, NULL, NULL),
(114, 418, 11, 0, 0, NULL, NULL),
(115, 203, 11, 0, 0, NULL, NULL),
(116, 485, 11, 0, 0, NULL, NULL),
(117, 205, 11, 0, 0, NULL, NULL),
(118, 438, 11, 0, 0, NULL, NULL),
(119, 227, 11, 0, 0, NULL, NULL),
(120, 486, 11, 0, 0, NULL, NULL),
(121, 223, 11, 0, 0, NULL, NULL),
(122, 387, 11, 0, 0, NULL, NULL),
(123, 346, 11, 0, 0, NULL, NULL),
(124, 487, 11, 0, 0, NULL, NULL),
(125, 328, 11, 0, 0, NULL, NULL),
(126, 388, 11, 0, 0, NULL, NULL),
(127, 264, 11, 0, 0, NULL, NULL),
(128, 410, 11, 0, 0, NULL, NULL),
(129, 488, 11, 0, 0, NULL, NULL),
(130, 274, 11, 0, 0, NULL, NULL),
(131, 255, 11, 0, 0, NULL, NULL),
(132, 270, 11, 0, 0, NULL, NULL),
(133, 419, 11, 0, 0, NULL, NULL),
(134, 367, 11, 0, 0, NULL, NULL),
(135, 394, 11, 0, 0, NULL, NULL),
(136, 429, 11, 0, 0, NULL, NULL),
(137, 216, 11, 0, 0, NULL, NULL),
(138, 275, 11, 0, 0, NULL, NULL),
(139, 489, 11, 0, 0, NULL, NULL),
(140, 262, 11, 0, 0, NULL, NULL),
(141, 353, 11, 0, 0, NULL, NULL),
(142, 276, 11, 0, 0, NULL, NULL),
(143, 343, 11, 0, 0, NULL, NULL),
(144, 352, 11, 0, 0, NULL, NULL),
(145, 490, 11, 0, 0, NULL, NULL),
(146, 491, 11, 0, 0, NULL, NULL),
(147, 492, 11, 0, 0, NULL, NULL),
(148, 493, 11, 0, 0, NULL, NULL),
(149, 494, 11, 0, 0, NULL, NULL),
(150, 496, 11, 0, 0, NULL, NULL),
(151, 497, 11, 0, 0, NULL, NULL),
(152, 181, 11, 0, 0, NULL, NULL),
(153, 498, 11, 0, 0, NULL, NULL),
(154, 499, 11, 0, 0, NULL, NULL),
(155, 184, 11, 0, 0, NULL, NULL),
(156, 500, 11, 0, 0, NULL, NULL),
(157, 501, 11, 0, 0, NULL, NULL),
(158, 502, 11, 0, 0, NULL, NULL),
(159, 503, 11, 0, 0, NULL, NULL),
(160, 178, 11, 0, 0, NULL, NULL),
(161, 504, 11, 0, 0, NULL, NULL),
(162, 505, 11, 0, 0, NULL, NULL),
(163, 506, 11, 0, 0, NULL, NULL),
(164, 507, 11, 0, 0, NULL, NULL),
(165, 508, 11, 0, 0, NULL, NULL),
(166, 509, 11, 0, 0, NULL, NULL),
(167, 510, 11, 0, 0, NULL, NULL),
(168, 511, 10, 0, 0, NULL, NULL),
(169, 512, 10, 0, 0, NULL, NULL),
(170, 513, 10, 0, 0, NULL, NULL),
(171, 514, 10, 0, 0, NULL, NULL),
(172, 515, 10, 0, 0, NULL, NULL),
(173, 516, 10, 0, 0, NULL, NULL),
(174, 517, 10, 0, 0, NULL, NULL),
(175, 518, 10, 0, 0, NULL, NULL),
(176, 519, 10, 0, 0, NULL, NULL),
(177, 520, 10, 0, 0, NULL, NULL),
(178, 521, 10, 0, 0, NULL, NULL),
(179, 522, 10, 0, 0, NULL, NULL),
(180, 523, 11, 0, 0, NULL, NULL),
(181, 176, 11, 0, 0, NULL, NULL),
(182, 524, 11, 0, 0, NULL, NULL),
(183, 525, 10, 0, 0, NULL, NULL),
(184, 437, 10, 0, 0, NULL, NULL),
(185, 351, 10, 0, 0, NULL, NULL),
(186, 526, 10, 0, 0, NULL, NULL),
(187, 198, 10, 0, 0, NULL, NULL),
(188, 241, 10, 0, 0, NULL, NULL),
(189, 269, 10, 0, 0, NULL, NULL),
(190, 383, 10, 0, 0, NULL, NULL),
(191, 348, 10, 0, 0, NULL, NULL),
(192, 204, 10, 0, 0, NULL, NULL),
(193, 425, 10, 0, 0, NULL, NULL),
(194, 377, 10, 0, 0, NULL, NULL),
(195, 411, 10, 0, 0, NULL, NULL),
(196, 342, 10, 0, 0, NULL, NULL),
(197, 254, 10, 0, 0, NULL, NULL),
(198, 375, 10, 0, 0, NULL, NULL),
(199, 380, 10, 0, 0, NULL, NULL),
(200, 331, 10, 0, 0, NULL, NULL),
(201, 251, 10, 0, 0, NULL, NULL),
(202, 188, 10, 0, 0, NULL, NULL),
(203, 335, 10, 0, 0, NULL, NULL),
(204, 402, 10, 0, 0, NULL, NULL),
(205, 324, 10, 0, 0, NULL, NULL),
(206, 403, 10, 0, 0, NULL, NULL),
(207, 372, 10, 0, 0, NULL, NULL),
(208, 4, 12, 0, 0, NULL, NULL),
(209, 424, 12, 0, 0, NULL, NULL),
(210, 232, 12, 0, 0, NULL, NULL),
(211, 4, 13, 0, 0, NULL, NULL),
(212, 444, 13, 0, 0, NULL, NULL),
(213, 4, 14, 0, 0, NULL, NULL),
(214, 444, 14, 0, 0, NULL, NULL),
(215, 212, 15, 0, 0, NULL, NULL),
(216, 199, 15, 0, 0, NULL, NULL),
(217, 347, 15, 0, 0, NULL, NULL),
(218, 516, 15, 0, 0, NULL, NULL),
(219, 435, 15, 0, 0, NULL, NULL),
(220, 488, 15, 0, 0, NULL, NULL),
(221, 421, 15, 0, 0, NULL, NULL),
(222, 527, 15, 0, 0, NULL, NULL),
(223, 433, 15, 0, 0, NULL, NULL),
(224, 404, 15, 0, 0, NULL, NULL),
(225, 410, 15, 0, 0, NULL, NULL),
(226, 446, 15, 0, 0, NULL, NULL),
(227, 270, 15, 0, 0, NULL, NULL),
(228, 408, 15, 0, 0, NULL, NULL),
(229, 378, 15, 0, 0, NULL, NULL),
(230, 256, 15, 0, 0, NULL, NULL),
(231, 420, 15, 0, 0, NULL, NULL),
(232, 358, 15, 0, 0, NULL, NULL),
(233, 473, 15, 0, 0, NULL, NULL),
(234, 485, 15, 0, 0, NULL, NULL),
(235, 436, 15, 0, 0, NULL, NULL),
(236, 218, 15, 0, 0, NULL, NULL),
(237, 417, 15, 0, 0, NULL, NULL),
(238, 361, 15, 0, 0, NULL, NULL),
(239, 391, 15, 0, 0, NULL, NULL),
(240, 238, 15, 0, 0, NULL, NULL),
(241, 279, 15, 0, 0, NULL, NULL),
(242, 250, 15, 0, 0, NULL, NULL),
(243, 202, 15, 0, 0, NULL, NULL),
(244, 528, 16, 0, 0, NULL, NULL),
(245, 194, 16, 0, 0, NULL, NULL),
(246, 276, 16, 0, 0, NULL, NULL),
(247, 402, 16, 0, 0, NULL, NULL),
(248, 244, 16, 0, 0, NULL, NULL),
(249, 434, 16, 0, 0, NULL, NULL),
(250, 54, 16, 0, 0, NULL, NULL),
(251, 485, 16, 0, 0, NULL, NULL),
(252, 529, 16, 0, 0, NULL, NULL),
(253, 486, 16, 0, 0, NULL, NULL),
(254, 199, 16, 0, 0, NULL, NULL),
(255, 531, 16, 0, 0, NULL, NULL),
(256, 532, 16, 0, 0, NULL, NULL),
(257, 190, 16, 0, 0, NULL, NULL),
(258, 274, 16, 0, 0, NULL, NULL),
(259, 372, 16, 0, 0, NULL, NULL),
(260, 427, 16, 0, 0, NULL, NULL),
(261, 398, 16, 0, 0, NULL, NULL),
(262, 533, 16, 0, 0, NULL, NULL),
(263, 446, 16, 0, 0, NULL, NULL),
(264, 164, 16, 0, 0, NULL, NULL),
(265, 381, 16, 0, 0, NULL, NULL),
(266, 370, 16, 0, 0, NULL, NULL),
(267, 337, 16, 0, 0, NULL, NULL),
(268, 534, 16, 0, 0, NULL, NULL),
(269, 405, 16, 0, 0, NULL, NULL),
(270, 231, 16, 0, 0, NULL, NULL),
(271, 380, 16, 0, 0, NULL, NULL),
(272, 204, 16, 0, 0, NULL, NULL),
(273, 331, 16, 0, 0, NULL, NULL),
(274, 422, 16, 0, 0, NULL, NULL),
(275, 438, 16, 0, 0, NULL, NULL),
(276, 160, 16, 0, 0, NULL, NULL),
(277, 203, 16, 0, 0, NULL, NULL),
(278, 484, 16, 0, 0, NULL, NULL),
(279, 535, 16, 0, 0, NULL, NULL),
(280, 447, 16, 0, 0, NULL, NULL),
(281, 264, 16, 0, 0, NULL, NULL),
(282, 165, 16, 0, 0, NULL, NULL),
(283, 255, 16, 0, 0, NULL, NULL),
(284, 377, 16, 0, 0, NULL, NULL),
(285, 425, 16, 0, 0, NULL, NULL),
(286, 536, 16, 0, 0, NULL, NULL),
(287, 335, 16, 0, 0, NULL, NULL),
(288, 285, 16, 0, 0, NULL, NULL),
(289, 330, 16, 0, 0, NULL, NULL),
(290, 475, 16, 0, 0, NULL, NULL),
(291, 328, 16, 0, 0, NULL, NULL),
(292, 444, 16, 0, 0, NULL, NULL),
(293, 378, 17, 0, 0, NULL, NULL),
(294, 285, 17, 0, 0, NULL, NULL),
(295, 537, 17, 0, 0, NULL, NULL),
(296, 202, 17, 0, 0, NULL, NULL),
(297, 220, 17, 0, 0, NULL, NULL),
(298, 240, 17, 0, 0, NULL, NULL),
(299, 354, 17, 0, 0, NULL, NULL),
(300, 538, 17, 0, 0, NULL, NULL),
(301, 435, 17, 0, 0, NULL, NULL),
(302, 344, 17, 0, 0, NULL, NULL),
(303, 539, 17, 0, 0, NULL, NULL),
(304, 409, 17, 0, 0, NULL, NULL),
(305, 540, 17, 0, 0, NULL, NULL),
(306, 432, 17, 0, 0, NULL, NULL),
(307, 532, 17, 0, 0, NULL, NULL),
(308, 223, 17, 0, 0, NULL, NULL),
(309, 541, 17, 0, 0, NULL, NULL),
(310, 485, 17, 0, 0, NULL, NULL),
(311, 178, 17, 0, 0, NULL, NULL),
(312, 486, 17, 0, 0, NULL, NULL),
(313, 416, 17, 0, 0, NULL, NULL),
(314, 436, 17, 0, 0, NULL, NULL),
(315, 347, 17, 0, 0, NULL, NULL),
(316, 361, 17, 0, 0, NULL, NULL),
(317, 419, 17, 0, 0, NULL, NULL),
(318, 249, 17, 0, 0, NULL, NULL),
(319, 414, 17, 0, 0, NULL, NULL),
(320, 244, 17, 0, 0, NULL, NULL),
(321, 542, 17, 0, 0, NULL, NULL),
(322, 212, 17, 0, 0, NULL, NULL),
(323, 543, 17, 0, 0, NULL, NULL),
(324, 374, 17, 0, 0, NULL, NULL),
(325, 423, 17, 0, 0, NULL, NULL),
(326, 410, 17, 0, 0, NULL, NULL),
(327, 415, 17, 0, 0, NULL, NULL),
(328, 388, 17, 0, 0, NULL, NULL),
(329, 205, 17, 0, 0, NULL, NULL),
(330, 405, 17, 0, 0, NULL, NULL),
(331, 401, 17, 0, 0, NULL, NULL),
(332, 329, 17, 0, 0, NULL, NULL),
(333, 527, 17, 0, 0, NULL, NULL),
(334, 524, 17, 0, 0, NULL, NULL),
(335, 213, 17, 0, 0, NULL, NULL),
(336, 417, 17, 0, 0, NULL, NULL),
(337, 434, 17, 0, 0, NULL, NULL),
(338, 544, 17, 0, 0, NULL, NULL),
(339, 422, 17, 0, 0, NULL, NULL),
(340, 187, 17, 0, 0, NULL, NULL),
(341, 268, 17, 0, 0, NULL, NULL),
(342, 277, 17, 0, 0, NULL, NULL),
(343, 278, 17, 0, 0, NULL, NULL),
(344, 219, 17, 0, 0, NULL, NULL),
(345, 447, 3, 0, 0, NULL, NULL),
(346, 424, 3, 0, 0, NULL, NULL),
(347, 356, 3, 0, 0, NULL, NULL),
(348, 444, 18, 0, 0, NULL, NULL),
(349, 424, 2, 0, 0, NULL, NULL),
(350, 382, 19, 0, 0, NULL, NULL),
(351, 376, 19, 0, 0, NULL, NULL),
(352, 475, 20, 0, 0, NULL, NULL),
(353, 545, 20, 0, 0, NULL, NULL),
(354, 327, 20, 0, 0, NULL, NULL),
(355, 277, 21, 0, 0, NULL, NULL),
(356, 278, 21, 0, 0, NULL, NULL),
(357, 275, 21, 0, 0, NULL, NULL),
(358, 432, 21, 0, 0, NULL, NULL),
(359, 209, 21, 0, 0, NULL, NULL),
(360, 534, 21, 0, 0, NULL, NULL),
(361, 232, 21, 0, 0, NULL, NULL),
(362, 259, 22, 0, 0, NULL, NULL),
(363, 422, 22, 0, 0, NULL, NULL),
(364, 240, 22, 0, 0, NULL, NULL),
(365, 237, 22, 0, 0, NULL, NULL),
(366, 546, 22, 0, 0, NULL, NULL),
(367, 435, 22, 0, 0, NULL, NULL),
(368, 208, 22, 0, 0, NULL, NULL),
(369, 540, 22, 0, 0, NULL, NULL),
(370, 218, 22, 0, 0, NULL, NULL),
(371, 216, 22, 0, 0, NULL, NULL),
(372, 532, 22, 0, 0, NULL, NULL),
(373, 399, 22, 0, 0, NULL, NULL),
(374, 330, 22, 0, 0, NULL, NULL),
(375, 405, 22, 0, 0, NULL, NULL),
(376, 431, 22, 0, 0, NULL, NULL),
(377, 283, 22, 0, 0, NULL, NULL),
(378, 358, 22, 0, 0, NULL, NULL),
(379, 379, 22, 0, 0, NULL, NULL),
(380, 391, 22, 0, 0, NULL, NULL),
(381, 397, 22, 0, 0, NULL, NULL),
(382, 484, 22, 0, 0, NULL, NULL),
(383, 417, 22, 0, 0, NULL, NULL),
(384, 533, 21, 0, 0, NULL, NULL),
(385, 405, 21, 0, 0, NULL, NULL),
(386, 330, 21, 0, 0, NULL, NULL),
(387, 528, 21, 0, 0, NULL, NULL),
(388, 536, 21, 0, 0, NULL, NULL),
(389, 421, 21, 0, 0, NULL, NULL),
(390, 547, 21, 0, 0, NULL, NULL),
(391, 407, 21, 0, 0, NULL, NULL),
(392, 374, 21, 0, 0, NULL, NULL),
(393, 548, 21, 0, 0, NULL, NULL),
(394, 211, 21, 0, 0, NULL, NULL),
(395, 223, 21, 0, 0, NULL, NULL),
(396, 436, 21, 0, 0, NULL, NULL),
(397, 339, 21, 0, 0, NULL, NULL),
(398, 549, 21, 0, 0, NULL, NULL),
(399, 265, 21, 0, 0, NULL, NULL),
(400, 61, 23, 0, 0, NULL, NULL),
(401, 323, 23, 0, 0, NULL, NULL),
(402, 65, 3, 0, 0, NULL, NULL),
(403, 63, 3, 0, 0, NULL, NULL),
(404, 323, 24, 0, 0, NULL, NULL),
(405, 57, 25, 0, 0, NULL, NULL),
(406, 57, 26, 0, 0, NULL, NULL),
(407, 550, 27, 0, 0, NULL, NULL),
(408, 48, 28, 0, 0, NULL, NULL),
(409, 550, 28, 0, 0, NULL, NULL),
(410, 550, 29, 0, 0, NULL, NULL),
(411, 550, 30, 0, 0, NULL, NULL),
(412, 47, 30, 0, 0, NULL, NULL),
(413, 47, 31, 0, 0, NULL, NULL),
(414, 47, 26, 0, 0, NULL, NULL),
(415, 551, 26, 0, 0, NULL, NULL),
(416, 551, 28, 0, 0, NULL, '2019-10-30 02:29:55'),
(417, 552, 26, 0, 0, NULL, NULL),
(418, 552, 1, 0, 0, NULL, NULL),
(419, 53, 26, 0, 0, NULL, NULL),
(420, 53, 1, 0, 0, NULL, NULL),
(421, 553, 26, 0, 0, NULL, NULL),
(422, 553, 32, 0, 0, NULL, NULL),
(423, 553, 1, 0, 0, NULL, NULL),
(424, 554, 1, 0, 0, NULL, NULL),
(425, 54, 6, 0, 0, NULL, NULL),
(426, 54, 1, 0, 0, NULL, NULL),
(427, 49, 6, 0, 0, NULL, NULL),
(428, 49, 26, 0, 0, NULL, NULL),
(429, 49, 1, 0, 0, NULL, NULL),
(430, 60, 26, 0, 0, NULL, NULL),
(431, 60, 1, 0, 0, NULL, NULL),
(432, 52, 1, 0, 0, NULL, NULL),
(433, 52, 6, 0, 0, NULL, NULL),
(434, 550, 33, 0, 0, NULL, NULL),
(435, 52, 33, 0, 0, NULL, NULL),
(436, 60, 33, 0, 0, NULL, NULL),
(437, 54, 33, 0, 0, NULL, NULL),
(438, 49, 33, 0, 0, NULL, NULL),
(439, 57, 33, 0, 0, NULL, NULL),
(440, 47, 33, 0, 0, NULL, NULL),
(441, 551, 33, 0, 0, NULL, NULL),
(442, 552, 33, 0, 0, NULL, NULL),
(443, 57, 28, 0, 0, NULL, NULL),
(444, 149, 20, 0, 0, NULL, NULL),
(445, 140, 20, 0, 0, NULL, NULL),
(446, 143, 20, 0, 0, NULL, NULL),
(447, 555, 26, 0, 0, NULL, NULL),
(448, 306, 3, 0, 0, NULL, NULL),
(449, 142, 3, 0, 0, NULL, NULL),
(450, 140, 3, 0, 0, NULL, NULL),
(451, 123, 3, 0, 0, NULL, NULL),
(452, 163, 3, 0, 0, NULL, NULL),
(453, 120, 3, 0, 0, NULL, NULL),
(454, 153, 3, 0, 0, NULL, NULL),
(455, 160, 3, 0, 0, NULL, NULL),
(456, 550, 4, 0, 0, NULL, NULL),
(457, 556, 28, 0, 0, NULL, NULL),
(458, 130, 28, 0, 0, NULL, NULL),
(459, 133, 28, 0, 0, NULL, NULL),
(460, 159, 28, 0, 0, NULL, NULL),
(461, 163, 28, 0, 0, NULL, NULL),
(462, 558, 28, 0, 0, NULL, NULL),
(463, 55, 28, 0, 0, NULL, NULL),
(464, 560, 34, 0, 0, NULL, NULL),
(465, 561, 35, 0, 0, NULL, NULL),
(466, 537, 35, 0, 0, NULL, NULL),
(467, 524, 35, 0, 0, NULL, NULL),
(468, 304, 36, 0, 0, NULL, NULL),
(469, 300, 36, 0, 0, NULL, NULL),
(470, 123, 36, 0, 0, NULL, NULL),
(471, 557, 36, 0, 0, NULL, NULL),
(472, 153, 36, 0, 0, NULL, NULL),
(473, 47, 36, 0, 0, NULL, NULL),
(474, 550, 36, 0, 0, NULL, NULL),
(475, 143, 36, 0, 0, NULL, NULL),
(476, 396, 36, 0, 0, NULL, NULL),
(477, 430, 36, 0, 0, NULL, NULL),
(478, 297, 36, 0, 0, NULL, NULL),
(479, 85, 36, 0, 0, NULL, NULL),
(480, 562, 36, 0, 0, NULL, NULL),
(481, 325, 36, 0, 0, NULL, NULL),
(482, 405, 36, 0, 0, NULL, NULL),
(483, 279, 36, 0, 0, NULL, NULL),
(484, 479, 36, 0, 0, NULL, NULL),
(485, 397, 36, 0, 0, NULL, NULL),
(486, 176, 36, 0, 0, NULL, NULL),
(487, 563, 36, 0, 0, NULL, NULL),
(488, 564, 20, 0, 0, NULL, NULL),
(489, 150, 37, 0, 0, NULL, NULL),
(490, 141, 23, 0, 0, NULL, NULL),
(491, 141, 37, 0, 0, NULL, NULL),
(492, 149, 37, 0, 0, NULL, NULL),
(493, 146, 38, 0, 0, NULL, NULL),
(494, 146, 39, 0, 0, NULL, NULL),
(495, 144, 37, 0, 0, NULL, NULL),
(496, 142, 40, 0, 0, NULL, NULL),
(497, 296, 40, 0, 0, NULL, NULL),
(498, 142, 38, 0, 0, NULL, NULL),
(499, 140, 38, 0, 0, NULL, NULL),
(500, 139, 38, 0, 0, NULL, NULL),
(501, 139, 41, 0, 0, NULL, NULL),
(502, 139, 42, 0, 0, NULL, NULL),
(503, 137, 41, 0, 0, NULL, NULL),
(504, 137, 38, 0, 0, NULL, NULL),
(505, 137, 42, 0, 0, NULL, NULL),
(506, 149, 42, 0, 0, NULL, NULL),
(507, 148, 38, 0, 0, NULL, NULL),
(508, 57, 43, 0, 0, NULL, NULL),
(509, 459, 24, 0, 0, NULL, NULL),
(510, 459, 44, 0, 0, NULL, NULL),
(511, 459, 28, 0, 0, NULL, NULL),
(512, 459, 45, 0, 0, NULL, NULL),
(513, 215, 46, 0, 0, NULL, NULL),
(514, 209, 46, 0, 0, NULL, NULL),
(515, 159, 47, 0, 0, NULL, NULL),
(516, 565, 47, 0, 0, NULL, NULL),
(517, 370, 47, 0, 0, NULL, NULL),
(518, 75, 47, 0, 0, NULL, NULL),
(519, 126, 47, 0, 0, NULL, NULL),
(520, 495, 47, 0, 0, NULL, NULL),
(521, 74, 47, 0, 0, NULL, NULL),
(522, 175, 47, 0, 0, NULL, NULL),
(523, 98, 47, 0, 0, NULL, NULL),
(524, 60, 47, 0, 0, NULL, NULL),
(525, 566, 47, 0, 0, NULL, NULL),
(526, 125, 47, 0, 0, NULL, NULL),
(527, 61, 47, 0, 0, NULL, NULL),
(528, 81, 47, 0, 0, NULL, NULL),
(529, 97, 47, 0, 0, NULL, NULL),
(530, 35, 47, 0, 0, NULL, NULL),
(531, 104, 47, 0, 0, NULL, NULL),
(532, 567, 47, 0, 0, NULL, NULL),
(533, 77, 47, 0, 0, NULL, NULL),
(534, 568, 47, 0, 0, NULL, NULL),
(535, 297, 47, 0, 0, NULL, NULL),
(536, 569, 47, 0, 0, NULL, NULL),
(537, 32, 47, 0, 0, NULL, NULL),
(538, 136, 47, 0, 0, NULL, NULL),
(539, 556, 47, 0, 0, NULL, NULL),
(540, 91, 47, 0, 0, NULL, NULL),
(541, 296, 47, 0, 0, NULL, NULL),
(542, 570, 47, 0, 0, NULL, NULL),
(543, 571, 47, 0, 0, NULL, NULL),
(544, 21, 47, 0, 0, NULL, NULL),
(545, 17, 47, 0, 0, NULL, NULL),
(546, 133, 47, 0, 0, NULL, NULL),
(547, 65, 47, 0, 0, NULL, NULL),
(548, 572, 47, 0, 0, NULL, NULL),
(549, 573, 47, 0, 0, NULL, NULL),
(550, 468, 47, 0, 0, NULL, NULL),
(551, 84, 47, 0, 0, NULL, NULL),
(552, 574, 47, 0, 0, NULL, NULL),
(553, 445, 47, 0, 0, NULL, NULL),
(554, 575, 47, 0, 0, NULL, NULL),
(555, 496, 47, 0, 0, NULL, NULL),
(556, 146, 47, 0, 0, NULL, NULL),
(557, 326, 47, 0, 0, NULL, NULL),
(558, 225, 47, 0, 0, NULL, NULL),
(559, 345, 47, 0, 0, NULL, NULL),
(560, 409, 47, 0, 0, NULL, NULL),
(561, 436, 47, 0, 0, NULL, NULL),
(562, 434, 47, 0, 0, NULL, NULL),
(563, 390, 47, 0, 0, NULL, NULL),
(564, 419, 47, 0, 0, NULL, NULL),
(565, 178, 47, 0, 0, NULL, NULL),
(566, 410, 47, 0, 0, NULL, NULL),
(567, 536, 47, 0, 0, NULL, NULL),
(568, 221, 47, 0, 0, NULL, NULL),
(569, 576, 47, 0, 0, NULL, NULL),
(570, 435, 47, 0, 0, NULL, NULL),
(571, 378, 47, 0, 0, NULL, NULL),
(572, 531, 47, 0, 0, NULL, NULL),
(573, 408, 47, 0, 0, NULL, NULL),
(574, 253, 47, 0, 0, NULL, NULL),
(575, 420, 47, 0, 0, NULL, NULL),
(576, 421, 47, 0, 0, NULL, NULL),
(577, 217, 47, 0, 0, NULL, NULL),
(578, 243, 47, 0, 0, NULL, NULL),
(579, 422, 47, 0, 0, NULL, NULL),
(580, 578, 47, 0, 0, NULL, NULL),
(581, 577, 47, 0, 0, NULL, NULL),
(582, 334, 48, 0, 0, NULL, NULL),
(583, 400, 48, 0, 0, NULL, NULL),
(584, 447, 48, 0, 0, NULL, NULL),
(585, 448, 48, 0, 0, NULL, NULL),
(586, 396, 48, 0, 0, NULL, NULL),
(587, 417, 48, 0, 0, NULL, NULL),
(588, 266, 48, 0, 0, NULL, NULL),
(589, 405, 48, 0, 0, NULL, NULL),
(590, 282, 48, 0, 0, NULL, NULL),
(591, 444, 49, 0, 0, NULL, NULL),
(592, 339, 50, 0, 0, NULL, NULL),
(593, 404, 50, 0, 0, NULL, NULL),
(594, 544, 50, 0, 0, NULL, NULL),
(595, 209, 50, 0, 0, NULL, NULL),
(596, 274, 50, 0, 0, NULL, NULL),
(597, 276, 50, 0, 0, NULL, NULL),
(598, 368, 50, 0, 0, NULL, NULL),
(599, 389, 50, 0, 0, NULL, NULL),
(600, 373, 50, 0, 0, NULL, NULL),
(601, 376, 50, 0, 0, NULL, NULL),
(602, 329, 50, 0, 0, NULL, NULL),
(603, 325, 50, 0, 0, NULL, NULL),
(604, 337, 50, 0, 0, NULL, NULL),
(605, 333, 50, 0, 0, NULL, NULL),
(606, 350, 50, 0, 0, NULL, NULL),
(607, 338, 50, 0, 0, NULL, NULL),
(608, 196, 50, 0, 0, NULL, NULL),
(609, 332, 50, 0, 0, NULL, NULL),
(610, 431, 50, 0, 0, NULL, NULL),
(611, 479, 50, 0, 0, NULL, NULL),
(612, 206, 50, 0, 0, NULL, NULL),
(613, 194, 50, 0, 0, NULL, NULL),
(614, 195, 50, 0, 0, NULL, NULL),
(615, 191, 50, 0, 0, NULL, NULL),
(616, 193, 50, 0, 0, NULL, NULL),
(617, 549, 50, 0, 0, NULL, NULL),
(618, 328, 50, 0, 0, NULL, NULL),
(619, 327, 50, 0, 0, NULL, NULL),
(620, 545, 50, 0, 0, NULL, NULL),
(621, 580, 50, 0, 0, NULL, NULL),
(622, 579, 50, 0, 0, NULL, NULL),
(623, 560, 51, 0, 0, NULL, NULL),
(624, 71, 51, 0, 0, NULL, NULL),
(625, 73, 51, 0, 0, NULL, NULL),
(626, 209, 52, 0, 0, NULL, NULL),
(627, 444, 40, 0, 0, NULL, NULL),
(628, 571, 40, 0, 0, NULL, NULL),
(629, 447, 40, 0, 0, NULL, NULL),
(630, 555, 40, 0, 0, NULL, NULL),
(631, 47, 40, 0, 0, NULL, NULL),
(632, 293, 53, 0, 0, NULL, NULL),
(633, 581, 54, 0, 0, NULL, NULL),
(634, 468, 55, 0, 0, NULL, NULL),
(635, 460, 55, 0, 0, NULL, NULL),
(636, 567, 55, 0, 0, NULL, NULL),
(637, 575, 55, 0, 0, NULL, NULL),
(638, 569, 55, 0, 0, NULL, NULL),
(639, 568, 55, 0, 0, NULL, NULL),
(640, 498, 55, 0, 0, NULL, NULL),
(641, 457, 55, 0, 0, NULL, NULL),
(652, 583, 55, 0, 0, NULL, NULL),
(643, 238, 55, 0, 0, NULL, NULL),
(651, 584, 55, 0, 0, NULL, NULL),
(649, 586, 55, 0, 0, NULL, NULL),
(648, 582, 55, 0, 0, NULL, NULL),
(650, 585, 55, 0, 0, NULL, NULL),
(653, 236, 56, 0, 0, NULL, NULL),
(654, 238, 56, 0, 0, NULL, NULL),
(655, 374, 56, 0, 0, NULL, NULL),
(656, 249, 56, 0, 0, NULL, NULL),
(657, 419, 56, 0, 0, NULL, NULL),
(658, 417, 56, 0, 0, NULL, NULL),
(659, 359, 56, 0, 0, NULL, NULL),
(660, 361, 56, 0, 0, NULL, NULL),
(661, 326, 56, 0, 0, NULL, NULL),
(662, 277, 56, 0, 0, NULL, NULL),
(663, 345, 56, 0, 0, NULL, NULL),
(664, 334, 56, 0, 0, NULL, NULL),
(665, 199, 56, 0, 0, NULL, NULL),
(666, 202, 56, 0, 0, NULL, NULL),
(667, 536, 56, 0, 0, NULL, NULL),
(668, 390, 56, 0, 0, NULL, NULL),
(669, 423, 56, 0, 0, NULL, NULL),
(670, 270, 56, 0, 0, NULL, NULL),
(671, 488, 56, 0, 0, NULL, NULL),
(672, 434, 56, 0, 0, NULL, NULL),
(673, 433, 56, 0, 0, NULL, NULL),
(674, 410, 56, 0, 0, NULL, NULL),
(675, 405, 56, 0, 0, NULL, NULL),
(676, 223, 56, 0, 0, NULL, NULL),
(677, 212, 56, 0, 0, NULL, NULL),
(678, 282, 45, 0, 0, NULL, NULL),
(679, 236, 45, 0, 0, NULL, NULL),
(680, 183, 45, 0, 0, NULL, NULL),
(681, 587, 45, 0, 0, NULL, NULL),
(682, 524, 45, 0, 0, NULL, NULL),
(683, 515, 45, 0, 0, NULL, NULL),
(684, 470, 45, 0, 0, NULL, NULL),
(685, 561, 45, 0, 0, NULL, NULL),
(686, 370, 45, 0, 0, NULL, NULL),
(687, 510, 45, 0, 0, NULL, NULL),
(688, 374, 45, 0, 0, NULL, NULL),
(689, 401, 45, 0, 0, NULL, NULL),
(690, 418, 45, 0, 0, NULL, NULL),
(691, 408, 45, 0, 0, NULL, NULL),
(692, 385, 45, 0, 0, NULL, NULL),
(693, 325, 45, 0, 0, NULL, NULL),
(694, 388, 45, 0, 0, NULL, NULL),
(695, 435, 45, 0, 0, NULL, NULL),
(721, 392, 58, 0, 0, NULL, NULL),
(697, 189, 45, 0, 0, NULL, NULL),
(698, 362, 45, 0, 0, NULL, NULL),
(699, 432, 45, 0, 0, NULL, NULL),
(700, 373, 45, 0, 0, NULL, NULL),
(701, 280, 45, 0, 0, NULL, NULL),
(702, 260, 45, 0, 0, NULL, NULL),
(703, 175, 45, 0, 0, NULL, NULL),
(704, 494, 45, 0, 0, NULL, NULL),
(705, 479, 45, 0, 0, NULL, NULL),
(706, 588, 45, 0, 0, NULL, NULL),
(707, 438, 45, 0, 0, NULL, NULL),
(708, 387, 45, 0, 0, NULL, NULL),
(709, 234, 45, 0, 0, NULL, NULL),
(710, 220, 45, 0, 0, NULL, NULL),
(711, 443, 45, 0, 0, NULL, NULL),
(712, 533, 45, 0, 0, NULL, NULL),
(713, 222, 45, 0, 0, NULL, NULL),
(714, 350, 45, 0, 0, NULL, NULL),
(715, 579, 45, 0, 0, NULL, NULL),
(716, 278, 45, 0, 0, NULL, NULL),
(717, 219, 45, 0, 0, NULL, NULL),
(718, 233, 45, 0, 0, NULL, NULL),
(719, 541, 45, 0, 0, NULL, NULL),
(722, 268, 58, 0, 0, NULL, NULL),
(723, 266, 58, 0, 0, NULL, NULL),
(724, 349, 58, 0, 0, NULL, NULL),
(725, 192, 58, 0, 0, NULL, NULL),
(726, 235, 58, 0, 0, NULL, NULL),
(727, 414, 58, 0, 0, NULL, NULL),
(728, 211, 58, 0, 0, NULL, NULL),
(729, 407, 58, 0, 0, NULL, NULL),
(730, 416, 58, 0, 0, NULL, NULL),
(731, 409, 59, 0, 0, NULL, NULL),
(732, 533, 59, 0, 0, NULL, NULL),
(733, 213, 59, 0, 0, NULL, NULL),
(734, 211, 59, 0, 0, NULL, NULL),
(735, 87, 60, 0, 0, NULL, NULL),
(736, 27, 60, 0, 0, NULL, NULL),
(737, 31, 60, 0, 0, NULL, NULL),
(738, 22, 60, 0, 0, NULL, NULL),
(739, 24, 60, 0, 0, NULL, NULL),
(740, 20, 60, 0, 0, NULL, NULL),
(741, 26, 60, 0, 0, NULL, NULL),
(742, 13, 60, 0, 0, NULL, NULL),
(743, 19, 60, 0, 0, NULL, NULL),
(744, 590, 60, 0, 0, NULL, NULL),
(745, 14, 60, 0, 0, NULL, NULL),
(746, 28, 60, 0, 0, NULL, NULL),
(747, 591, 60, 0, 0, NULL, NULL),
(748, 75, 60, 0, 0, NULL, NULL),
(749, 77, 60, 0, 0, NULL, NULL),
(750, 86, 60, 0, 0, NULL, NULL),
(751, 592, 60, 0, 0, NULL, NULL),
(752, 84, 60, 0, 0, NULL, NULL),
(753, 96, 60, 0, 0, NULL, NULL),
(754, 100, 60, 0, 0, NULL, NULL),
(755, 102, 60, 0, 0, NULL, NULL),
(756, 104, 60, 0, 0, NULL, NULL),
(757, 97, 60, 0, 0, NULL, NULL),
(758, 101, 60, 0, 0, NULL, NULL),
(759, 103, 60, 0, 0, NULL, NULL),
(760, 112, 60, 0, 0, NULL, NULL),
(761, 99, 60, 0, 0, NULL, NULL),
(762, 454, 60, 0, 0, NULL, NULL),
(763, 176, 60, 0, 0, NULL, NULL),
(764, 523, 60, 0, 0, NULL, NULL),
(765, 455, 60, 0, 0, NULL, NULL),
(766, 185, 60, 0, 0, NULL, NULL),
(767, 456, 60, 0, 0, NULL, NULL),
(768, 459, 60, 0, 0, NULL, NULL),
(769, 460, 60, 0, 0, NULL, NULL),
(770, 457, 60, 0, 0, NULL, NULL),
(771, 462, 60, 0, 0, NULL, NULL),
(772, 463, 60, 0, 0, NULL, NULL),
(773, 594, 60, 0, 0, NULL, NULL),
(774, 593, 60, 0, 0, NULL, NULL),
(775, 585, 60, 0, 0, NULL, NULL),
(776, 575, 61, 0, 0, NULL, NULL),
(777, 573, 61, 0, 0, NULL, NULL),
(778, 4, 62, 0, 0, NULL, NULL),
(779, 136, 62, 0, 0, NULL, NULL),
(1066, 116, 100, 0, 0, NULL, NULL),
(781, 572, 60, 0, 0, NULL, NULL),
(782, 98, 63, 0, 0, NULL, NULL),
(783, 106, 63, 0, 0, NULL, NULL),
(784, 107, 63, 0, 0, NULL, NULL),
(785, 105, 61, 0, 0, NULL, NULL),
(786, 95, 61, 0, 0, NULL, NULL),
(787, 111, 61, 0, 0, NULL, NULL),
(788, 91, 60, 0, 0, NULL, NULL),
(789, 90, 63, 0, 0, NULL, NULL),
(790, 92, 61, 0, 0, NULL, NULL),
(791, 93, 60, 0, 0, NULL, NULL),
(792, 94, 62, 0, 0, NULL, NULL),
(793, 109, 62, 0, 0, NULL, NULL),
(794, 85, 61, 0, 0, NULL, NULL),
(795, 88, 61, 0, 0, NULL, NULL),
(796, 82, 62, 0, 0, NULL, NULL),
(797, 79, 62, 0, 0, NULL, NULL),
(798, 80, 61, 0, 0, NULL, NULL),
(799, 415, 59, 0, 0, NULL, NULL),
(800, 382, 59, 0, 0, NULL, NULL),
(801, 595, 59, 0, 0, NULL, NULL),
(802, 232, 59, 0, 0, NULL, NULL),
(803, 108, 60, 0, 0, NULL, NULL),
(804, 29, 60, 0, 0, NULL, NULL),
(805, 29, 63, 0, 0, NULL, NULL),
(806, 18, 63, 0, 0, NULL, NULL),
(807, 32, 63, 0, 0, NULL, NULL),
(808, 12, 63, 0, 0, NULL, NULL),
(809, 35, 61, 0, 0, NULL, NULL),
(810, 17, 61, 0, 0, NULL, NULL),
(811, 21, 60, 0, 0, NULL, NULL),
(812, 33, 60, 0, 0, NULL, NULL),
(813, 189, 59, 0, 0, NULL, NULL),
(814, 385, 59, 0, 0, NULL, NULL),
(815, 205, 59, 0, 0, NULL, NULL),
(816, 399, 59, 0, 0, NULL, NULL),
(817, 536, 52, 0, 0, NULL, NULL),
(818, 475, 52, 0, 0, NULL, NULL),
(819, 381, 52, 0, 0, NULL, NULL),
(820, 245, 52, 0, 0, NULL, NULL),
(821, 257, 52, 0, 0, NULL, NULL),
(822, 427, 52, 0, 0, NULL, NULL),
(823, 187, 52, 0, 0, NULL, NULL),
(824, 190, 52, 0, 0, NULL, NULL),
(825, 203, 52, 0, 0, NULL, NULL),
(826, 200, 52, 0, 0, NULL, NULL),
(827, 189, 52, 0, 0, NULL, NULL),
(828, 194, 52, 0, 0, NULL, NULL),
(829, 195, 52, 0, 0, NULL, NULL),
(830, 228, 52, 0, 0, NULL, NULL),
(831, 226, 52, 0, 0, NULL, NULL),
(832, 438, 52, 0, 0, NULL, NULL),
(833, 433, 52, 0, 0, NULL, NULL),
(834, 439, 52, 0, 0, NULL, NULL),
(835, 274, 52, 0, 0, NULL, NULL),
(836, 276, 52, 0, 0, NULL, NULL),
(837, 389, 52, 0, 0, NULL, NULL),
(838, 343, 52, 0, 0, NULL, NULL),
(839, 328, 52, 0, 0, NULL, NULL),
(840, 350, 52, 0, 0, NULL, NULL),
(841, 361, 52, 0, 0, NULL, NULL),
(842, 359, 52, 0, 0, NULL, NULL),
(843, 368, 52, 0, 0, NULL, NULL),
(844, 432, 52, 0, 0, NULL, NULL),
(845, 434, 52, 0, 0, NULL, NULL),
(846, 436, 52, 0, 0, NULL, NULL),
(847, 435, 52, 0, 0, NULL, NULL),
(848, 340, 50, 0, 0, NULL, NULL),
(849, 296, 60, 0, 0, NULL, NULL),
(850, 296, 64, 0, 0, NULL, NULL),
(851, 296, 65, 0, 0, NULL, NULL),
(852, 296, 66, 0, 0, NULL, NULL),
(853, 419, 67, 0, 0, NULL, NULL),
(854, 378, 67, 0, 0, NULL, NULL),
(855, 435, 67, 0, 0, NULL, NULL),
(856, 221, 67, 0, 0, NULL, NULL),
(857, 531, 67, 0, 0, NULL, NULL),
(858, 243, 67, 0, 0, NULL, NULL),
(859, 253, 67, 0, 0, NULL, NULL),
(860, 374, 67, 0, 0, NULL, NULL),
(861, 434, 67, 0, 0, NULL, NULL),
(862, 436, 67, 0, 0, NULL, NULL),
(863, 217, 67, 0, 0, NULL, NULL),
(864, 225, 67, 0, 0, NULL, NULL),
(865, 596, 67, 0, 0, NULL, NULL),
(866, 577, 67, 0, 0, NULL, NULL),
(867, 420, 67, 0, 0, NULL, NULL),
(868, 326, 67, 0, 0, NULL, NULL),
(869, 422, 67, 0, 0, NULL, NULL),
(870, 536, 67, 0, 0, NULL, NULL),
(871, 345, 67, 0, 0, NULL, NULL),
(872, 409, 67, 0, 0, NULL, NULL),
(873, 390, 67, 0, 0, NULL, NULL),
(874, 224, 67, 0, 0, NULL, NULL),
(875, 421, 67, 0, 0, NULL, NULL),
(876, 410, 67, 0, 0, NULL, NULL),
(877, 408, 67, 0, 0, NULL, NULL),
(878, 444, 68, 0, 0, NULL, NULL),
(879, 4, 69, 0, 0, NULL, NULL),
(880, 597, 70, 0, 0, NULL, NULL),
(881, 252, 71, 0, 0, NULL, NULL),
(882, 258, 71, 0, 0, NULL, NULL),
(883, 449, 71, 0, 0, NULL, NULL),
(884, 265, 71, 0, 0, NULL, NULL),
(885, 264, 71, 0, 0, NULL, NULL),
(909, 25, 60, 0, 0, NULL, NULL),
(908, 23, 60, 0, 0, NULL, NULL),
(907, 62, 60, 0, 0, NULL, NULL),
(906, 70, 60, 0, 0, NULL, NULL),
(905, 65, 60, 0, 0, NULL, NULL),
(904, 210, 58, 0, 0, NULL, NULL),
(903, 347, 58, 0, 0, NULL, NULL),
(902, 344, 58, 0, 0, NULL, NULL),
(901, 544, 58, 0, 0, NULL, NULL),
(900, 215, 58, 0, 0, NULL, NULL),
(899, 285, 59, 0, 0, NULL, NULL),
(898, 330, 59, 0, 0, NULL, NULL),
(910, 11, 60, 0, 0, NULL, NULL),
(911, 45, 60, 0, 0, NULL, NULL),
(912, 36, 60, 0, 0, NULL, NULL),
(913, 16, 60, 0, 0, NULL, NULL),
(914, 30, 60, 0, 0, NULL, NULL),
(915, 69, 60, 0, 0, NULL, NULL),
(916, 68, 60, 0, 0, NULL, NULL),
(917, 73, 60, 0, 0, NULL, NULL),
(918, 67, 60, 0, 0, NULL, NULL),
(919, 71, 60, 0, 0, NULL, NULL),
(920, 72, 60, 0, 0, NULL, NULL),
(921, 74, 60, 0, 0, NULL, NULL),
(922, 423, 59, 0, 0, NULL, NULL),
(923, 431, 58, 0, 0, NULL, NULL),
(924, 431, 59, 0, 0, NULL, NULL),
(925, 432, 58, 0, 0, NULL, NULL),
(926, 382, 72, 0, 0, NULL, NULL),
(927, 404, 59, 0, 0, NULL, NULL),
(928, 495, 11, 0, 0, NULL, NULL),
(929, 478, 11, 0, 0, NULL, NULL),
(930, 471, 11, 0, 0, NULL, NULL),
(931, 474, 11, 0, 0, NULL, NULL),
(932, 477, 11, 0, 0, NULL, NULL),
(933, 473, 11, 0, 0, NULL, NULL),
(934, 476, 11, 0, 0, NULL, NULL),
(935, 472, 11, 0, 0, NULL, NULL),
(936, 352, 73, 0, 0, NULL, NULL),
(937, 227, 73, 0, 0, NULL, NULL),
(938, 508, 73, 0, 0, NULL, NULL),
(939, 509, 73, 0, 0, NULL, NULL),
(940, 507, 73, 0, 0, NULL, NULL),
(941, 368, 73, 0, 0, NULL, NULL),
(942, 353, 73, 0, 0, NULL, NULL),
(943, 343, 73, 0, 0, NULL, NULL),
(944, 262, 73, 0, 0, NULL, NULL),
(945, 506, 73, 0, 0, NULL, NULL),
(946, 489, 73, 0, 0, NULL, NULL),
(947, 276, 73, 0, 0, NULL, NULL),
(948, 429, 73, 0, 0, NULL, NULL),
(949, 275, 73, 0, 0, NULL, NULL),
(950, 394, 73, 0, 0, NULL, NULL),
(951, 216, 73, 0, 0, NULL, NULL),
(952, 419, 73, 0, 0, NULL, NULL),
(953, 538, 73, 0, 0, NULL, NULL),
(954, 486, 73, 0, 0, NULL, NULL),
(955, 270, 73, 0, 0, NULL, NULL),
(956, 470, 73, 0, 0, NULL, NULL),
(957, 274, 73, 0, 0, NULL, NULL),
(958, 524, 62, 0, 0, NULL, NULL),
(959, 447, 72, 0, 0, NULL, NULL),
(960, 444, 72, 0, 0, NULL, NULL),
(961, 252, 72, 0, 0, NULL, NULL),
(962, 449, 72, 0, 0, NULL, NULL),
(963, 277, 72, 0, 0, NULL, NULL),
(964, 505, 74, 0, 0, NULL, NULL),
(965, 367, 74, 0, 0, NULL, NULL),
(966, 504, 74, 0, 0, NULL, NULL),
(967, 66, 74, 0, 0, NULL, NULL),
(968, 287, 74, 0, 0, NULL, NULL),
(969, 255, 74, 0, 0, NULL, NULL),
(970, 178, 74, 0, 0, NULL, NULL),
(971, 274, 74, 0, 0, NULL, NULL),
(972, 328, 74, 0, 0, NULL, NULL),
(973, 503, 74, 0, 0, NULL, NULL),
(974, 264, 74, 0, 0, NULL, NULL),
(975, 261, 74, 0, 0, NULL, NULL),
(976, 388, 74, 0, 0, NULL, NULL),
(977, 224, 74, 0, 0, NULL, NULL),
(978, 346, 74, 0, 0, NULL, NULL),
(979, 438, 74, 0, 0, NULL, NULL),
(980, 387, 74, 0, 0, NULL, NULL),
(981, 501, 74, 0, 0, NULL, NULL),
(982, 502, 74, 0, 0, NULL, NULL),
(983, 205, 74, 0, 0, NULL, NULL),
(984, 203, 74, 0, 0, NULL, NULL),
(985, 485, 74, 0, 0, NULL, NULL),
(986, 223, 74, 0, 0, NULL, NULL),
(987, 446, 74, 0, 0, NULL, NULL),
(988, 249, 75, 0, 0, NULL, NULL),
(989, 229, 75, 0, 0, NULL, NULL),
(990, 484, 75, 0, 0, NULL, NULL),
(991, 500, 75, 0, 0, NULL, NULL),
(992, 210, 75, 0, 0, NULL, NULL),
(993, 418, 75, 0, 0, NULL, NULL),
(994, 222, 75, 0, 0, NULL, NULL),
(995, 390, 75, 0, 0, NULL, NULL),
(996, 385, 75, 0, 0, NULL, NULL),
(997, 78, 76, 0, 0, NULL, NULL),
(998, 114, 23, 0, 0, NULL, NULL),
(999, 114, 77, 0, 0, NULL, NULL),
(1000, 296, 77, 0, 0, NULL, NULL),
(1001, 115, 77, 0, 0, NULL, NULL),
(1002, 114, 78, 0, 0, NULL, NULL),
(1009, 83, 80, 0, 0, NULL, NULL),
(1008, 114, 70, 0, 0, NULL, NULL),
(1005, 323, 75, 0, 0, NULL, NULL),
(1006, 323, 79, 0, 0, NULL, NULL),
(1007, 597, 78, 0, 0, NULL, NULL),
(1010, 296, 81, 0, 0, NULL, NULL),
(1011, 296, 82, 0, 0, NULL, NULL),
(1012, 296, 84, 0, 0, NULL, NULL),
(1013, 296, 85, 0, 0, NULL, NULL),
(1014, 296, 27, 0, 0, NULL, NULL),
(1015, 296, 86, 0, 0, NULL, NULL),
(1016, 296, 87, 0, 0, NULL, NULL),
(1017, 296, 88, 0, 0, NULL, NULL),
(1018, 296, 89, 0, 0, NULL, NULL),
(1019, 313, 90, 0, 0, NULL, NULL),
(1020, 306, 91, 0, 0, NULL, NULL),
(1021, 296, 92, 0, 0, NULL, NULL),
(1022, 306, 93, 0, 0, NULL, NULL),
(1023, 306, 94, 0, 0, NULL, NULL),
(1024, 297, 95, 0, 0, NULL, NULL),
(1025, 386, 76, 0, 0, NULL, NULL),
(1026, 386, 62, 0, 0, NULL, NULL),
(1027, 386, 24, 0, 0, NULL, NULL),
(1028, 4, 24, 0, 0, NULL, NULL),
(1029, 289, 24, 0, 0, NULL, NULL),
(1030, 259, 24, 0, 0, NULL, NULL),
(1031, 573, 96, 0, 0, NULL, NULL),
(1032, 445, 96, 0, 0, NULL, NULL),
(1033, 296, 97, 0, 0, NULL, NULL),
(1034, 4, 97, 0, 0, NULL, NULL),
(1035, 323, 97, 0, 0, NULL, NULL),
(1036, 598, 97, 0, 0, NULL, NULL),
(1037, 447, 97, 0, 0, NULL, NULL),
(1038, 47, 97, 0, 0, NULL, NULL),
(1039, 571, 97, 0, 0, NULL, NULL),
(1040, 424, 97, 0, 0, NULL, NULL),
(1041, 232, 97, 0, 0, NULL, NULL),
(1042, 550, 97, 0, 0, NULL, NULL),
(1043, 599, 97, 0, 0, NULL, NULL),
(1044, 600, 98, 0, 0, NULL, NULL),
(1045, 492, 98, 0, 0, NULL, NULL),
(1046, 32, 98, 0, 0, NULL, NULL),
(1047, 12, 98, 0, 0, NULL, NULL),
(1048, 601, 98, 0, 0, NULL, NULL),
(1049, 35, 98, 0, 0, NULL, NULL),
(1050, 33, 98, 0, 0, NULL, NULL),
(1051, 462, 98, 0, 0, NULL, NULL),
(1052, 259, 98, 0, 0, NULL, NULL),
(1053, 152, 98, 0, 0, NULL, NULL),
(1054, 175, 98, 0, 0, NULL, NULL),
(1055, 508, 98, 0, 0, NULL, NULL),
(1056, 597, 98, 0, 0, NULL, NULL),
(1057, 496, 98, 0, 0, NULL, NULL),
(1058, 497, 98, 0, 0, NULL, NULL),
(1059, 566, 98, 0, 0, NULL, NULL),
(1060, 136, 98, 0, 0, NULL, NULL),
(1061, 61, 98, 0, 0, NULL, NULL),
(1062, 605, 98, 0, 0, NULL, NULL),
(1063, 604, 98, 0, 0, NULL, NULL),
(1064, 603, 98, 0, 0, NULL, NULL),
(1065, 602, 98, 0, 0, NULL, NULL),
(1067, 116, 101, 0, 0, NULL, NULL),
(1068, 116, 102, 0, 0, NULL, NULL),
(1069, 117, 26, 0, 0, NULL, NULL),
(1070, 118, 100, 0, 0, NULL, NULL),
(1071, 118, 101, 0, 0, NULL, NULL),
(1072, 118, 26, 0, 0, NULL, NULL),
(1073, 118, 102, 0, 0, NULL, NULL),
(1074, 424, 103, 0, 0, NULL, NULL),
(1075, 4, 104, 0, 0, NULL, NULL),
(1076, 232, 104, 0, 0, NULL, NULL),
(1077, 152, 104, 0, 0, NULL, NULL),
(1078, 424, 104, 0, 0, NULL, NULL),
(1079, 61, 104, 0, 0, NULL, NULL),
(1080, 323, 104, 0, 0, NULL, NULL),
(1081, 119, 105, 0, 0, NULL, NULL),
(1082, 119, 100, 0, 0, NULL, NULL),
(1083, 119, 26, 0, 0, NULL, NULL),
(1084, 120, 26, 0, 0, NULL, NULL),
(1085, 122, 26, 0, 0, NULL, NULL),
(1086, 123, 26, 0, 0, NULL, NULL),
(1087, 124, 26, 0, 0, NULL, NULL),
(1088, 125, 26, 0, 0, NULL, NULL),
(1089, 126, 26, 0, 0, NULL, NULL),
(1090, 127, 100, 0, 0, NULL, NULL),
(1091, 129, 100, 0, 0, NULL, NULL),
(1092, 129, 26, 0, 0, NULL, NULL),
(1093, 130, 26, 0, 0, NULL, NULL),
(1094, 130, 106, 0, 0, NULL, NULL),
(1095, 132, 26, 0, 0, NULL, NULL),
(1096, 612, 28, 0, 0, NULL, NULL),
(1097, 133, 26, 0, 0, NULL, NULL),
(1098, 133, 106, 0, 0, NULL, NULL),
(1099, 133, 102, 0, 0, NULL, NULL),
(1100, 134, 100, 0, 0, NULL, NULL),
(1101, 134, 26, 0, 0, NULL, NULL),
(1102, 613, 10, 0, 0, NULL, NULL),
(1103, 136, 96, 0, 0, NULL, NULL);

-- --------------------------------------------------------

--
-- Table structure for table `order`
--

DROP TABLE IF EXISTS `order`;
CREATE TABLE IF NOT EXISTS `order` (
  `id` int(10) UNSIGNED NOT NULL AUTO_INCREMENT,
  `participant_id` int(10) UNSIGNED NOT NULL,
  `training_id` int(10) UNSIGNED NOT NULL,
  `created_at` timestamp NULL DEFAULT NULL,
  `updated_at` timestamp NULL DEFAULT NULL,
  PRIMARY KEY (`id`),
  KEY `order_participant_id_foreign` (`participant_id`),
  KEY `order_training_id_foreign` (`training_id`)
) ENGINE=MyISAM DEFAULT CHARSET=utf8mb4 COLLATE=utf8mb4_unicode_ci;

-- --------------------------------------------------------

--
-- Table structure for table `participants`
--

DROP TABLE IF EXISTS `participants`;
CREATE TABLE IF NOT EXISTS `participants` (
  `id` int(10) UNSIGNED NOT NULL AUTO_INCREMENT,
  `fname` varchar(255) COLLATE utf8mb4_unicode_ci NOT NULL,
  `mname` varchar(255) COLLATE utf8mb4_unicode_ci NOT NULL,
  `lname` varchar(255) COLLATE utf8mb4_unicode_ci NOT NULL,
  `division` int(10) UNSIGNED NOT NULL,
  `created_at` timestamp NULL DEFAULT NULL,
  `updated_at` timestamp NULL DEFAULT NULL,
  `contact` varchar(255) COLLATE utf8mb4_unicode_ci NOT NULL,
  `email` varchar(255) COLLATE utf8mb4_unicode_ci NOT NULL,
  `designation` varchar(50) COLLATE utf8mb4_unicode_ci NOT NULL,
  PRIMARY KEY (`id`),
  KEY `participants_division_foreign` (`division`)
) ENGINE=MyISAM AUTO_INCREMENT=614 DEFAULT CHARSET=utf8mb4 COLLATE=utf8mb4_unicode_ci;

--
-- Dumping data for table `participants`
--

INSERT INTO `participants` (`id`, `fname`, `mname`, `lname`, `division`, `created_at`, `updated_at`, `contact`, `email`, `designation`) VALUES
(4, 'MICHELL', 'CANUCOT', 'SEJISMUNDO', 4, NULL, '2019-09-13 03:40:09', '09213221407', 'ethicsrt@gmail.com', 'ADAS I'),
(14, 'Janette', '.', 'Arcaya', 6, NULL, NULL, '09288926661', 'jan.arcaya@yahoo.com', 'Admin Ass. I'),
(13, 'RIZA', '.', 'AGUIRRE', 6, NULL, NULL, '09334659864', 'raizah_blue86@yahoo.com', 'Admin Officer I'),
(12, 'Martin', '.', 'Aguipo', 6, NULL, NULL, '09282560163', 'martin.aguipo@gmail.com', 'Admin Asst. I'),
(11, 'Krislyn', '.', 'Abing', 6, NULL, NULL, '0981589331', 'yhenabing@gmail.com', 'Admin Officer II'),
(15, 'Roland', '.', 'Baquiran', 6, NULL, NULL, '09222634555', 'landzzbaquiran@gmail.com', 'Admin. Asst. II'),
(16, 'Windel', '.', 'Binolirao', 6, NULL, NULL, '09275561451', 'windelbinolirao@yahoo.com', 'Admin. Asst. I'),
(17, 'April', '.', 'Cabatingan', 6, NULL, NULL, '09499427742', 'cabatinganapril@gmail.com', 'Admin. Asst. II'),
(18, 'Miriam', '.', 'Cabigas', 6, NULL, NULL, '09330490925', 'yhamzlawrence@gmail.com', 'Admin Aide III'),
(19, 'Milagros', '.', 'Cabras', 6, NULL, NULL, '01964897308', 'oooooo@gmail.com', 'Cook II'),
(20, 'Rica', '.', 'Cadlawon', 6, NULL, NULL, '09663188874', 'ricamcadlawon17@gmail.com', 'Admin Asst. I'),
(21, 'Arlene', '.', 'Cardones', 6, NULL, '2019-09-19 06:45:54', '09284486761', 'arlen.cardones@gmail.com', 'Admin Asst. II'),
(22, 'Joseph Philip', '.', 'Chiong', 6, NULL, NULL, '09177989324', 'opoyax4@gmail.com', 'Admin. Officer III'),
(23, 'Abbie Monique', '.', 'Cuevas', 6, NULL, NULL, '09999018699', 'mackayabbie@yahoo.com', 'Admin. Officer III'),
(24, 'Karl Mitzi Faith', '.', 'Dalman', 6, NULL, NULL, '09397417770', 'dalmkar@gmail.com', 'Admin Officer II'),
(25, 'Willy John', '.', 'Delute', 6, NULL, NULL, '09175998446', 'willyjohndelute@gmail.com', 'Admin Officer II'),
(26, 'Archival', '.', 'Diapana', 6, NULL, NULL, '09196558559', 'archivaltrazodiapana@gmail.com', 'Admin Aide III'),
(27, 'Joone Elibert', '.', 'Eltanal', 6, NULL, NULL, '09755762284', 'jooneelibert@gmail.com', 'Accountant III'),
(28, 'Cheenee Rose', '.', 'Fernandez', 6, NULL, NULL, '09218131806', 'cheeneerosef09@gmail.com', 'Admin Officer I'),
(29, 'Lady Pearl', '.', 'Generalao', 6, NULL, NULL, '09995207144', 'ladyperalgegeralao@gmail.com', 'Admin Asst. III'),
(30, 'Roselle', '.', 'Gonzales', 6, NULL, NULL, '09985961845', 'rosellelgonzales@gmail.com', 'FMO II'),
(31, 'Mark Vincent', '.', 'Granados', 6, NULL, NULL, '09989668184', 'garanadosvincent@gmail.com', 'Supervising Admin'),
(32, 'Mylene', '.', 'Lagaran', 6, NULL, NULL, '09204815763', 'lagaranmylene505@gmail.com', 'Nursing Attendant'),
(33, 'Aaron Paul', '.', 'Mabandos', 6, NULL, NULL, '09555048010', 'paulaaron@yahoo.com', 'Nursing Attendant'),
(34, 'Donna jade', '.', 'Mcgill', 6, NULL, NULL, '09233840392', 'p_donnajade@yahoo.com', 'Admin Assistant I'),
(35, 'Jan Laurence', '.', 'Obrero', 6, NULL, NULL, '09452186811', 'janlaurenceobrero@yahoo.com', 'Nursing Attendant'),
(36, 'Dina', '.', 'Omamalin', 6, NULL, NULL, '09957400178', 'domamalin@gmail.com', 'Admin Officer I'),
(37, 'Margie', '.', 'Paduga', 6, NULL, NULL, '09333146182', 'margiepaduga@yahoo.com', 'Admin Assistant II'),
(39, 'Pagobo', '.', 'Renante', 6, NULL, NULL, '09195331465', 'forevermore1127@gmail.com', 'Nursing Attendant'),
(42, 'Hazel Princess', '.', 'Racaza', 6, NULL, NULL, '09336233156', 'hazel1108932@gmail.com', 'Admin Asst. I'),
(41, 'Jennyvie', '.', 'Rizon', 6, NULL, NULL, '09178662008', 'jebrizon@gmail.com', 'Admin Asst. I'),
(43, 'Jennyvie', '.', 'Rizon', 6, NULL, NULL, '09178662008', 'jebrizon@gmail.com', 'Admin. Asst. I'),
(44, 'Loida', '.', 'Surigao', 6, NULL, NULL, '09391579600', 'loidasurigao87@gmail.com', 'Admin Asst. I'),
(45, 'Mary Rose', '.', 'Villaver', 6, NULL, NULL, '09777725563', 'maryrosevillaver@gmail.com', 'Admin Officer I'),
(46, 'Aileen', '.', 'Yballe', 6, NULL, NULL, '09222398580', 'alcbogs_pia@yahoo.com', 'Admin Asst. III'),
(47, 'Florentino Jr.', 'M.', 'Berdin', 2, NULL, NULL, '09989713719', 'docjet95@gmail.com', 'MSIV'),
(48, 'Gracia', '.', 'Bongabong', 2, NULL, NULL, '09334027327', 'gracianina.requierme@gmail.com', 'MO4'),
(49, 'Angeline', '.', 'Burlat', 2, NULL, NULL, '09228351634', 'Emanburlat@gmail.com', 'MO3'),
(598, 'Krystal Gale', '.', 'Croemente', 4, NULL, NULL, '00', 'nkjdhsk@yahoo.com', 'Administrative Officer II'),
(52, 'Karen Bea', '.', 'Dalena', 2, NULL, NULL, '09956487940', 'kbdalena@gmail.com', 'MO3'),
(53, 'Mary Ellaine', 'D.', 'Inocian', 2, NULL, NULL, '09322173367', 'ellaineinocian@gmail.com', 'MO3'),
(54, 'May Mary', '.', 'Intong', 2, NULL, NULL, '09955220287', 'mayintongnmd@gmail.com', 'MO3'),
(55, 'Grace', '.', 'Juntilla', 2, NULL, NULL, '09175213445', 'g.juntilla@yahoo.com', 'MO4'),
(56, 'Staycy', 'V.', 'Lape', 2, NULL, NULL, '093344962238', 'ciotajon@gmail.com', 'MO3'),
(57, 'Marissa', '.', 'Lozada', 2, NULL, NULL, '09233218558', 'metyleneblue@yahoo.com', 'MO4'),
(58, 'Ryan', 'W.', 'Mascarinas', 2, NULL, NULL, '09173202853', 'xymase@gmail.com', 'MO3'),
(59, 'Isagani Eris', 'C.', 'Quiliope', 2, NULL, NULL, '092284358007', 'crisisagani@yahoo.com', 'MO3'),
(60, 'Winihilma', 'C.', 'Sedentario', 2, NULL, NULL, '09205136132', 'winihilma@gmail.com', 'MO3'),
(61, 'Jocel', 'B.', 'Quichon', 2, NULL, NULL, '09234517870', 'jocelquiachon88@gmail.com', 'Admin Asst. I'),
(62, 'Napoleon Jr.', 'R.', 'Dionaldo', 5, NULL, NULL, '09183425414', 'napoleonjam@gmail.com', 'Admin Asst. III'),
(63, 'Madyll', 'S.', 'Cuadra-Robinta', 5, NULL, NULL, '09989668183', 'mscr2017@gmail.com', 'Attorney IV'),
(64, 'Teofila', 'B.', 'Torregosa', 5, NULL, NULL, '000000000', '00000@gmail.com', 'ADA IV'),
(65, 'Ingrid Karen', 'S.', 'Bantiling', 5, NULL, NULL, '09292848003', 'ik.aj8384@gmail.com', 'Admin Officer II'),
(66, 'Gessa', 'M.', 'Abano', 5, NULL, NULL, '092225300065', 'gessaabano@gmail.com', 'Admin Asst. I'),
(67, 'Athessa', 'L.', 'Bas', 5, NULL, NULL, '09265722711', 'athessa1986@gmail.com', 'ADA III'),
(68, 'Glendyl', 'G.', 'Cabilan', 5, NULL, NULL, '09184535241', 'glendylcabilan1@gmail.com', 'Admin Officer IV'),
(69, 'Mark Judith', 'Y.', 'Gandionco', 5, NULL, NULL, '09561256393', 'tdh.bac@gmail.com', 'Admin Officer II'),
(70, 'Mary Ann', 'G.', 'Lozada', 5, NULL, NULL, '09422163919', 'magzon2001@yahoo.com', 'Admin Officer V'),
(71, 'Renz', 'K.', 'Omega', 5, NULL, NULL, '09559646945', 'tdh.canvass@gmail.com', 'ADA V'),
(72, 'Glenn Ryan', 'G.', 'Retuso', 5, NULL, NULL, '09957613892', 'rglennryan@gmail.com', 'Admin Officer I'),
(73, 'Roalndo', 'A.', 'Samson', 5, NULL, NULL, '09336459596', 'rollysamson123@gmail.com', 'NA II'),
(74, 'Hernaoin', 'B.', 'Tumulak', 5, NULL, NULL, '09336459366', 'herna4herna@gmail.com', 'NA II'),
(75, 'Jane', 'R.', 'Villagorda', 5, NULL, NULL, '09499206080', 'jvillagorda@yahoo.com', 'Admin Asst. I'),
(76, 'Mary Kris', 'C.', 'Salidong', 5, NULL, NULL, '09361223286', 'marykrissalipong@gmail.com', 'Admin Asst. I'),
(77, 'Paxto Daniellea', '.', 'Macabuhay', 5, NULL, NULL, '09273551421', 'pda.mchy@gmail.com', 'Admin Asst. I'),
(78, 'Diana', 'V.', 'Resma', 7, NULL, NULL, 'oooooooo', 'dianaresma11@yahoo.com', 'ooooo'),
(79, 'Zarah Abigail', '.', 'Ylanan', 7, NULL, NULL, '0000000', 'zarah.abby@gmail.com', '000000'),
(80, 'Cristina', 'R.', 'Ramos', 7, NULL, NULL, '09770813445', 'crisado0509@gmail.com', 'ooooo'),
(81, 'Jorf Lionell', '.', 'Bucho', 7, NULL, NULL, '000000000', 'jorftdh@gmail.com', '0000'),
(82, 'Joan Marie', '.', 'Montayre', 7, NULL, NULL, '09227432806', 'joanmarietoreno@yahoo.com', 'ooooo'),
(83, 'Jerisse Joie', 'G.', 'Saquillon', 7, NULL, NULL, '09435575562', 'jgelbolingo@gmail.com', '0000000000'),
(84, 'Ariel', 'G.', 'Albor', 7, NULL, NULL, '09055971284', 'siveraluminumboronor@gmail.com', '000000000'),
(85, 'Neriecita', 'A.', 'Solon', 7, NULL, NULL, '000000000', 'nerisolon@gmail.com', '0000000000'),
(86, 'Mary Angie', '.', 'Rabaya', 7, NULL, NULL, '000000000000', 'angierabaya2015@gmail.com', '000000000000'),
(87, 'Sondel Melmark', '.', 'Hallazgo', 7, NULL, NULL, '000000', '000000000@yahoo.com', '00000000000'),
(88, 'Nova Claire', 'C.', 'Relente', 7, NULL, NULL, '09163014697', 'clairerelente@gmail.com', '00000000'),
(89, 'Willbert Woodrow', '.', 'Renyan', 7, NULL, NULL, '0000000000', 'willbertrenyan123@gmail.com', '00000'),
(90, 'Rainer Gerard', '.', 'Gadiane', 7, NULL, NULL, '00000', 'rainergadiane@gmail.com', '000000'),
(91, 'Mary Nona Rose', 'B.', 'Durano', 7, NULL, NULL, '0000000000', 'nonadurano@gmail.com', '000'),
(92, 'Novice Juvenile', 'E.', 'Aviles', 7, NULL, NULL, '09357295339', 'noviell@gmail.com', '0000000'),
(93, 'Coleen Monique', '.', 'Galon', 7, NULL, NULL, '00000', 'collengalon@gmail.com', '0000'),
(94, 'Shiela', 'S.', 'Tello', 7, NULL, NULL, '0000', 'silvatello61@gmail.com', '000'),
(95, 'Nelson', 'C.', 'Velves', 7, NULL, NULL, '09232174280', 'nelsonvelves@yahoo.com', '00000'),
(96, 'Andy Geff', '.', 'Cepe', 7, NULL, NULL, '09173222125', 'jepoycepe2125@gmail.com', 'oooooooooo'),
(97, 'Juvil', 'D.', 'Otillo', 7, NULL, NULL, '09497013060', 'Juvil.Otillo@yahho.com', '00000000'),
(98, 'Mark Doyle', '.', 'Sugarol', 7, NULL, NULL, '094918313881', 'sugarolmarkdoyle@gmail.com', '00000000'),
(99, 'Erwin', 'S.', 'Tarrola', 7, NULL, NULL, '09438711186', '0000@yahoo.com', '000'),
(100, 'Nemesio Jr', '.', 'Tejano', 7, NULL, NULL, '09175222366', 'ntejano81@gmail.com', '0000'),
(101, 'Joshwa', 'S.', 'Olaco', 7, NULL, NULL, '000000', 'joshwaolaco@gmail.com', '000000'),
(102, 'Edwin', '.', 'Setanos', 7, NULL, NULL, '09422978588', '000@gmail.com', '00'),
(103, 'Ma. Therese', '.', 'Baguio', 7, NULL, NULL, '09053607361', 'oooo@gmail.com', '00'),
(104, 'Phoebus', 'L.', 'Manundo', 7, NULL, NULL, '09164132421', 'Manundophoebus1983@gmail.com', '00'),
(105, 'Niko Jr.', 'A.', 'Nonong', 7, NULL, NULL, '09553610988', 'ooo@yahoo.com', '000'),
(106, 'Diogenes', '.', 'Obaob', 7, NULL, NULL, '09324359029', 'obaobd@gmail.com', '00'),
(107, 'Artemio', '.', 'Calinawan', 7, NULL, NULL, '09051952041', 'ooo@gmailcom', '00'),
(108, 'Myrasol', 'O.', 'Mendoza', 7, NULL, NULL, '00000', 'caotdhoffice@gmail.com', '00'),
(109, 'Mary Grace', '.', 'Nemenzo', 7, NULL, NULL, '09423454150', 'mgrace.nemezo@gmail.com', '00'),
(115, 'Donnabelle', '.', 'Aranas', 7, NULL, NULL, '00', 'tdhhopss@gmail.com', 'Chief Administrative Officer'),
(111, 'Federico Jr.', '.', 'Cabasa', 7, NULL, NULL, '09255063311', 'federicocabasa@gmail.com', '00'),
(112, 'Stephen James', '.', 'Bernandao', 7, NULL, NULL, '00', 'ooooo@gmail.com', '00000'),
(114, 'Rachel', 'C.', 'Jaluag', 7, NULL, NULL, '00', 'tdh.hrmooffice@gmail.com', 'Supervsing Administrative Officer'),
(116, 'Ferdinand', 'P.', 'Kionisala', 2, NULL, NULL, '09255558500', 'ferdinandkionisal@gmail.com', 'Medical Specialist IV'),
(117, 'Vincent Matthew', 'L.', 'Roble', 2, NULL, NULL, '09228205332', 'binsoy_inting@hotmail.com', 'Medical Specialist III'),
(118, 'Ralph Jacinto', 'P.', 'Pinat', 2, NULL, NULL, '09176227529', 'rj_pinat@yahoo.com', '000'),
(119, 'Maria Christina Conception', 'U.', 'Napuli', 2, NULL, NULL, '09282854658', 'Tinaursalnapuli@yahoo.com', '000'),
(120, 'Gabriel Anthony', 'V.', 'Villa', 2, NULL, NULL, '09173224226', 'gavvilla@gmail.com', '000'),
(121, 'Mary Joy', 'M.', 'Daculiat', 2, NULL, NULL, '09175547307', 'majoymalonesmd@yahoo.com', '000'),
(122, 'Ross', 'C.', 'Villero', 2, NULL, NULL, '09228112404', 'rossvillero@gmail.com', 'Medical Officer IV'),
(123, 'Gulamu Khaibar', 'B.', 'Angsa', 2, NULL, NULL, '09228628129', 'ANGSA0916@GMAIL.COM', 'Medical Officer IV'),
(124, 'Christopher', 'D.', 'Awil', 2, NULL, NULL, '09228711010', 'charisawil77@yahoo.com', 'Medical Officer IV'),
(125, 'Guada Giselle', 'S.', 'Rarang', 2, NULL, NULL, '09399170863', 'guadararang@yahoo.com', 'Medical Officer IV'),
(126, 'Dominic', 'V.', 'Vicua', 2, NULL, NULL, '09228273942', 'd_vicuna@hotmail.com', 'Medical Officer IV'),
(127, 'Jan Michael', 'V.', 'Yap', 2, NULL, NULL, '09178800069', 'atari_zero@yahoo.com.ph', 'Medical Officer IV'),
(128, 'Stephen', 'L.', 'Nasiad', 2, NULL, NULL, '09177737841', 'st.nasiad@gmail.com', 'Medical Officer III'),
(129, 'Erwin Francis', 'R.', 'Managaytay', 2, NULL, NULL, '09322182332', 'daddyerfran@gmail.com', 'Medical Officer III'),
(130, 'John Ray', 'D.', 'Gagatam', 2, NULL, NULL, '092322104700', 'maxdee7@yahoo.com', 'Medical Officer III'),
(131, 'Ni0', 'C.', 'Rudas', 2, NULL, NULL, '09438433342', 'nino_rudas@yahoo.com', 'Medical Officer IV'),
(132, 'Rey Evan', 'A.', 'Flores', 2, NULL, NULL, '09177737841', 'shoto_rey789@yahoo.com', 'Medical Officer III'),
(133, 'James', 'C.', 'Bernal', 2, NULL, NULL, '09178917593', '000@gmail.com', 'Medical Officer IV'),
(134, 'Glenn', 'L.', 'Punay', 2, NULL, NULL, '09173073633', 'glenn_glp@yahoo.com', 'Medical Officer IV'),
(135, 'Jason', 'P.', 'Wong', 2, NULL, NULL, '09177216462', 'jpwong13@gmail.com', 'Medical Officer III'),
(136, 'Veronica', 'J.', 'Godito', 2, NULL, NULL, '09568314074', 'godito.veronica@gmail.com', 'Admin Asst. I'),
(137, 'Lemuela Eva', 'Abastillas', 'Abecia', 2, NULL, NULL, '09176247950', 'lemuelaeva@yahoo.com', 'MOIV'),
(138, 'Keziah Viney', 'Quijano', 'Alvarez', 2, NULL, NULL, '09177079805', 'kt_q85@yahoo.com', 'MS II'),
(139, 'Honey', 'Donesa', 'Cordovez', 2, NULL, NULL, '09271276575', 'dhoneysa@gmail.com', 'MO IV'),
(140, 'Sharmila', 'Alauya', 'Espina', 2, NULL, NULL, '09255029166', 'sharmilay80@gmail.com', 'MS III'),
(141, 'Maybelline', 'Rosales', 'Estroso', 2, NULL, NULL, '09228420991', 'maybeline_estroso@yahoo.com', 'MO IV'),
(142, 'Jimelyn Ross', 'Y.', 'Go', 2, NULL, NULL, '09333963773', 'jimelyngo@yahoo.com', 'MO III'),
(143, 'Amethyst Mae', 'Limquiaco', 'Gonzaga', 2, NULL, NULL, '09335735720', 'aml_gonzaga@yahoo.com', 'MO IV'),
(144, 'Arrisha', 'Aviles', 'Holganza', 2, NULL, NULL, '09437024540', 'anywhere1203@gmail.com', 'MO IV'),
(145, 'April Candy', 'U.', 'Kong', 2, NULL, NULL, '09985549254', 'purplekedikong@gmail.com', 'MO IV'),
(146, 'Ethel Anne', 'Talita', 'Lariego', 2, NULL, NULL, '09175235083', 'ethelannelariego@gmail.com', 'MSc'),
(147, 'Madeline', 'Griffis', 'Manguerra', 2, NULL, NULL, '09959806928', 'madelinegriffis@gmail.com', 'MO III'),
(148, 'Mello Dee', 'Padojinog', 'Monte', 2, NULL, NULL, '09234333802', 'mellomonte@yahoo.com', 'MO IV'),
(149, 'Mary Hayeth', 'Cortes', 'Pailden', 2, NULL, NULL, '09329328735', 'yetch_10@yahoo.com', 'MO IV'),
(150, 'Janice', 'Cuartero', 'Roble', 2, NULL, NULL, '09257779280', 'nicejan2001@yahoo.com', 'MO IV'),
(151, 'Karen Kristy', 'Quianola', 'Torremocha', 2, NULL, NULL, '09420463060', 'karenkristyqt@yahoo.com', 'MO IV'),
(152, 'Jullien Noelle', 'Cabatingan', 'Kwek', 2, NULL, NULL, '09772884266', 'yanyenkwek@gmail.com', 'Admin Asst. I'),
(153, 'Cristina', 'R.', 'Castaeda', 2, NULL, NULL, '09175169934', 'fieryblack@yahoo.com', 'MO IV'),
(154, 'Jerome', 'G.', 'Coretico', 2, NULL, NULL, '09177152287', 'coreticomd@yahoo.com', 'MO IV'),
(155, 'Maria Paulina', 'A.', 'Dimpas', 2, NULL, NULL, '09239438941', 'mariapaulinadimpas@gmail.com', 'MO IV'),
(156, 'Feli Rose', 'D.', 'Domugho', 2, NULL, NULL, '09333757430', 'felirose@yahoo.com', 'MO IV'),
(157, 'Celeste Joy', 'B.', 'Duamagan', 2, NULL, NULL, '09335718474', 'cjpobletebolo@yahoo.com', 'MO IV'),
(158, 'Wynchrister', 'A.', 'Enriquez', 2, NULL, NULL, '09430780830', 'wynenriquex@gmail.com', 'MO IV'),
(159, 'Philip Hester', 'M.', 'Gilbuena', 2, NULL, NULL, '09173236881', 'Phgilbuena@gmail.com', 'MO IV'),
(160, 'Marienella', 'C.', 'Jarina', 2, NULL, NULL, '09194378558', 'marienellaj@yahoo.com', 'MO IV'),
(161, 'Mark Neil', 'D.', 'Omolon', 2, NULL, NULL, '009999990859', 'kramlien@hotmail.com', 'MO IV'),
(162, 'Ivan James', 'T.', 'Quial', 1, NULL, NULL, '09432380308', 'quail_ivanjames@yahoo.com', 'MO IV'),
(163, 'Neri', 'A.', 'Ratcliffe', 2, NULL, NULL, '09324242739', 'pianist_neri@yahoo.com', 'MO IV'),
(164, 'Germaine Mariz', 'B.', 'Labadan', 2, NULL, NULL, '091765600026', 'glabadanwusm@gmail.com', 'MO III'),
(165, 'Ave Pherein V', 'Villaflor', 'Tabique', 2, NULL, NULL, '09338690550', 'avetabique@yahoo.com', 'MO III'),
(166, 'Evalaine Mae', 'A.', 'Abecia', 2, NULL, NULL, '09177785158', 'aevalainemae@yahoo.com', 'MO III'),
(167, 'Alfer', 'J.', 'Arellano', 2, NULL, NULL, '09497828830', 'alferarellano1987@gmail.com', 'MO III'),
(168, 'Kevin Colt', 'M.', 'Asoque', 2, NULL, NULL, '09322298470', 'kevincltasoque@gmail.com', 'MO III'),
(169, 'Albert Christopher', 'C.', 'Aviles', 2, NULL, NULL, '09755619615', 'albertchristopher21@gmail.com', 'MO III'),
(170, 'Jacquelene', 'C.', 'Gaviola', 2, NULL, NULL, '09452015983', 'jacquelenegaviola@gmail.com', 'MO III'),
(171, 'Cecille Camille', 'N.', 'Init-Ubod', 2, NULL, NULL, '09175932936', 'cciubodswusm@gmail.com', 'MO III'),
(172, 'Portia', 'T.', 'Mahinay', 2, NULL, NULL, '09993658040', 'prtmahinay@gmail.com', 'MO III'),
(173, 'Lynart Kevin', 'R.', 'Omnes', 2, NULL, NULL, '09173784041', 'lynartkevin@gmail.com', 'MO III'),
(174, 'Katrina Yrica', 'M.', 'Yso', 2, NULL, NULL, '09175844660', 'yrica_c@yahoo.com', 'MO III'),
(175, 'Mary Sigrid', 'T.', 'Tan', 2, NULL, NULL, '09338154875', 'shairrah@yahoo.com', 'Admin Assistant I'),
(176, 'Sherrel Ann', '.', 'Cabucos', 3, NULL, NULL, '091732322898', 'sherrel_ann@yahoo.com', 'RADTECH II'),
(177, 'Ma. Guadalupe', '.', 'Mier', 3, NULL, NULL, '09499689436', 'guada-mier@yahoo.com', 'RADTECH I'),
(178, 'Chester', 'I.', 'Tirol', 3, NULL, NULL, '093264642747', 'chestertirol@gmail.com', 'RADTECH I'),
(179, 'Orville', '.', 'Tan', 3, NULL, NULL, '09254688007', 'radteach97109@gmail.com', 'RADTECH II'),
(180, 'John Ryan', '.', 'Casinillo', 3, NULL, NULL, '09222059277', 'casinillojohn04@yahoo.com', 'RADTECH II'),
(181, 'Lady Gwen', '.', 'Domingo', 3, NULL, NULL, '09957060994', 'lady_cloud03@yahoo.com', 'RADTECH I'),
(185, 'Ma Lourdes', 'S.', 'Alanzado', 3, NULL, NULL, '000', 'bjhk@gmail.com', 'Dentist II'),
(183, 'Rick Man', 'C.', 'Cabello', 3, NULL, NULL, '000', 'jjkkl@yahoo.com', 'Dentist II'),
(184, 'Angie Rose', 'S>', 'Cavarado', 3, NULL, NULL, '000', 'jhnmnj@yahoo.com', 'Dental Aide'),
(186, 'Rose Ann', 'M', 'Calve', 3, NULL, NULL, '000', 'hjnsankj@yahoo.com', 'Dental Aide'),
(187, 'Hanzen', 'S.', 'Abellanosa', 1, NULL, NULL, '09663194340', 'hsabellanosa15@gmail.com', 'Nurse I'),
(188, 'Christon Rey', 'C.', 'Andrade', 1, NULL, NULL, '09185466866', 'christonrey@yahoo.com', 'Nurse I'),
(189, 'Annel', '.', 'Castillo', 1, NULL, NULL, '09085209116', 'annelcastillothd@gmail.com', 'Nurse II'),
(190, 'Marie Naomi', '.', 'Haen', 1, NULL, NULL, '09081911995', 'naomihaen@yahoo.com', 'Midwife I'),
(191, 'Lorena', 'L.', 'Macalisang', 1, NULL, NULL, '09058012838', 'lorena-macalisang@yahoo.com', 'Midwife I'),
(192, 'Jenie Mae', 'R.', 'Redoble', 1, NULL, NULL, '09974407313', 'jenmariecarte.jr@gmail.com', 'Nurse II'),
(193, 'Jumilyn', '.', 'Pogado', 1, NULL, NULL, '09452071373', 'jumilynpogado8292@yahoo.com', 'Midwife I'),
(194, 'Jerra Mae', '.', 'Juezan', 1, NULL, NULL, '09206683311', 'juezanjo8@gmail.com', 'Midwife II'),
(195, 'Belinda', 'B.', 'Artezuela', 1, NULL, NULL, '09336983963', 'belindabarituartezuela@gmail.com', 'Midwife I'),
(196, 'Flor', 'B.', 'Amion', 1, NULL, NULL, '09958091088', 'florbargz@gmail.com', 'Midwife I'),
(197, 'Jane April', '.', 'Capa', 1, NULL, NULL, '09956125680', 'capaapriljane@yahoo.com', 'NurseI'),
(198, 'Nia Kristie', '.', 'Sardaas', 1, NULL, NULL, '09209585175', 'ninakristiearpon@gmail.com', 'Nurse I'),
(199, 'Leslie Mae', '.', 'Mante', 1, NULL, NULL, '09171122944', 'leslot29@yahoo.com', 'Nurse I'),
(200, 'Marie Juliet', '.', 'Raganas', 1, NULL, NULL, '09223311378', 'mariajulietraganas@gmail.com', 'Midwife I'),
(201, 'Allena', 'L.', 'Rabaya', 1, NULL, NULL, '09998669891', 'allenarabaya2016@yahoo.com', 'Nurse III'),
(202, 'Frances Andrea', 'F.', 'Navares', 1, NULL, NULL, '09176419151', 'francesandnavares@gmail.com', 'Nurse I'),
(203, 'Roan', '.', 'Catubigan', 1, NULL, NULL, '09483650563', 'roanecatbigan@gmail.com', 'Midwife I'),
(204, 'Ramsette Kennesse', '.', 'Laput', 1, NULL, NULL, '09432832742', 'rakenlaput@gmail.com', 'Nurse I'),
(205, 'Johanna Mae', 'A.', 'Bernales', 1, NULL, NULL, '09995249601', 'bensl4io@gmail.com', 'Nurse II'),
(206, 'Quenese Kiesha', '.', 'Ragasa', 1, NULL, NULL, '09254551185', 'keisharagasa29@yahoo.com', 'Nurse I'),
(207, 'Sheila Mae', '.', 'Rabadon', 1, NULL, NULL, '09062763429', 'sdelsocorrorabadon@yahoo.com', 'Midwife I'),
(208, 'Joyce Krichel', 'N.', 'Castaares', 1, NULL, NULL, '09176556663', 'joyam1125@yahoo.com', 'Midwife I'),
(209, 'Eleanor', 'R.', 'Echavez', 1, NULL, NULL, '09989714324', 'elenorfe@gmail.com', 'Nurse III'),
(210, 'Ky-za Marie', '.', 'Campo', 1, NULL, NULL, '09778054548', 'kyza_c@yahoo.com', 'Nurse'),
(211, 'Glevin', '.', 'Babon', 1, NULL, NULL, '09996143124', 'Glevn192@yahoo.com', 'Nurse'),
(212, 'Khlaren', '.', 'Balatbat', 1, NULL, NULL, '09085239819', 'arpzykhalaren@yahoo.com', 'Nurse'),
(213, 'Bill Aldrin', '.', 'Nuyad', 1, NULL, NULL, '09995591986', 'nursebilladrin@yahoo.com', 'Nurse'),
(214, 'Charito', '.', 'Sagayno', 1, NULL, NULL, '09184205994', 'charito_sagayno@yahoo.com', 'Nurse'),
(215, 'Christine', '.', 'Cabizas', 1, NULL, NULL, '09286045181', 'chin.sapuri@gmail.com', 'Nurse'),
(216, 'Kim', '.', 'Delica', 1, NULL, NULL, '09338518984', 'kimdelica@gmail.com', 'Nurse'),
(217, 'Faith', '.', 'Badron', 1, NULL, NULL, '09255067609', 'faithbadron@gmail.com', 'Nurse'),
(218, 'Marlon', '.', 'Hermosada', 1, NULL, NULL, '09778208409', 'marlonhermosad@gmail.com', 'Nurse'),
(219, 'Kirt', '.', 'Montes', 1, NULL, NULL, '09229492486', 'kirtmontes@gamil.com', 'Nurse'),
(220, 'Troy', '.', 'Manayon', 1, NULL, NULL, '09567234482', 'troymanay@gmail.com', 'Nurse'),
(221, 'Jason', '.', 'Manolong', 1, NULL, NULL, '09567234482', 'jasonmanolong25@gmail.com', 'Nurse'),
(222, 'Mary Juneth', '.', 'Pacinio', 1, NULL, NULL, '09434558748', 'maryjuneththp@gmail.com', 'Nurse'),
(223, 'Marie Andrellee', '.', 'Tangarorang', 1, NULL, NULL, '09162880289', 'Andrellee_8@yahoo.cpm', 'Nurse'),
(224, 'Kevin', '.', 'Tiro', 1, NULL, NULL, '09453692916', 'kevinclydetiro@gmail.com', 'Nurse'),
(225, 'Lyndl', '.', 'Yu', 1, NULL, NULL, '09238656339', 'valticyu@gmail.com', 'Nurse'),
(226, 'Fe Charmaine', '.', 'Borres', 1, NULL, NULL, '09381235299', 'FCBorres@yahoo.com', 'Nurse'),
(227, 'Ken', '.', 'Guinares', 1, NULL, NULL, '00', 'fgfjh@yahoo.com', 'Nurse'),
(228, 'Jaymar', '.', 'Roma', 1, NULL, NULL, '09223944536', 'jaymarroma@yahoo.com', 'Nurse'),
(229, 'Gerson', '.', 'Tautoan', 1, NULL, NULL, '092056151', 'gtautoan8953@yahoo.com', 'Nurse'),
(230, 'Ronniel', '.', 'Jernalim', 1, NULL, NULL, '09355715727', 'jernalimronniel@gmail.com', 'Nurse'),
(231, 'Santina', '.', 'Rafanan', 1, NULL, NULL, '0927732229', 'San_rafanan@yahoo.com', 'Nurse'),
(232, 'Mara Angustia', 'E.', 'Rubio', 1, NULL, NULL, '09422198902', 'm_empuerto@yahoo.com', 'Nurse II'),
(233, 'Karyl', 'A.', 'Esbra', 1, NULL, NULL, '09196524993', 'karyl.esbra@gmail.com', 'Nurse II'),
(234, 'Yvette', 'M.', 'Tangente', 1, NULL, NULL, '09176256282', 'yrt_t@yahoo.com', 'Nurse II'),
(235, 'Renee', '.', 'Lamagon', 1, NULL, NULL, '09228161304', 'icn_sqh@yahoo.com', 'Nurse II'),
(236, 'Jefrfrey James', '.', 'Ocariza', 1, NULL, NULL, '09225349607', 'jeffreyjamesocariza@gmail.com', 'Nurse'),
(237, 'Daryl Shane', '.', 'Leong', 1, NULL, NULL, '09321679176', 'darylshyne_leong@yahoo.com', 'Nurse II'),
(238, 'Carlo Regino', '.', 'Carabaa', 1, NULL, NULL, '09177152589', 'bbnj2589@yahoo.com', 'Nurse II'),
(239, 'Jendyl', '.', 'Yap', 1, NULL, NULL, '09287018950', 'jendylyn@yahoo.com', 'Nurse II'),
(240, 'Remedios', '.', 'Cualbas', 1, NULL, NULL, '09059020424', 'remedioscualbar@yahoo.com', 'Nurse II'),
(241, 'Vin Franz', '.', 'Nery', 1, NULL, NULL, '09472556947', 'vfnery@yahoo.com', 'Nurse I'),
(245, 'Steve', 'Libron', 'Nasibog', 1, NULL, NULL, '09336874172', 'batangokiza@gmail.com', 'NA II'),
(243, 'Joshua Perry', '.', 'Delagado', 1, NULL, NULL, '09064798022', 'perrie3015@yahoo.com', 'Nurse I'),
(244, 'Jillian Rae', 'M.', 'Rallon', 1, NULL, NULL, '09309061016', 'twentsix_mayjrm@yahoo.com', 'Nurse I'),
(246, 'Jhon Kristoffe', '.', 'Lim', 1, NULL, NULL, '09994518851', 'jklm0525@yahoo.com', 'Nurse I'),
(247, 'Renante', '.', 'Dabasol', 1, NULL, NULL, '09452371584', 'nhanz_dabz@yahoo.com', 'NA II'),
(248, 'Lydon', '.', 'Cabrillas', 1, NULL, NULL, '09233525434', 'lyndon81@yahoo.com', 'NA II'),
(249, 'Crisete Jana', '.', 'Dazo', 1, NULL, NULL, '09173044925', 'janafelicity0630@gmail.com', 'Nurse I'),
(250, 'Norman', '.', 'sarmiento', 1, NULL, NULL, '09173044439', 'normancel2000@yahoo.com', 'Nurse III'),
(251, 'Krisheil', 'C.', 'Angulo', 1, NULL, NULL, '09153225817', 'krishangulo26@yahoo.com', 'Nurse I'),
(252, 'Louie', 'N.', 'Abellanosa', 1, NULL, NULL, '09438317560', 'louieloi2003@gmail.com', 'Nurse III'),
(253, 'Michael', 'I.', 'Tabuco', 1, NULL, NULL, '09322220870', 'mykz777.taba@gmail.com', 'Nurse I'),
(254, 'Bon', '.', 'Dia', 1, NULL, NULL, '09953864259', 'bonedia27@gmail.com', 'Nurse I'),
(255, 'Wilson', '.', 'Bacacao', 1, NULL, NULL, '09339576106', 'jkhlk@yahoo.com', 'NA II'),
(256, 'Joey', 'A.', 'Catipay', 1, NULL, NULL, '09773936154', 'joey-catipay@yahoo.com', 'Nurse I'),
(257, 'Henry', '.', 'Campo', 1, NULL, NULL, '09223198479', 'henrycampo1981@yahoo.com', 'NA II'),
(258, 'John Carlo', '.', 'Manguilimotan', 1, NULL, NULL, '09322457716', 'jc.061289@yahoo.com', 'NA I'),
(259, 'Chrislyn Marie', 'N.', 'Mercado', 1, NULL, NULL, '09956145487', 'cressmariee@gmail.com', 'Admin Asst. I'),
(260, 'Michael', '.', 'Abadilla', 1, NULL, NULL, '09369956329', 'michaelabadilla@yahoo.com', 'Nurse'),
(261, 'Kim', '.', 'Reyes', 1, NULL, NULL, '09266245446', 'kim02528@gmail.com', 'Nurse'),
(262, 'Leonard', '.', 'Ramos', 1, NULL, NULL, '09157448703', 'Leonardramos24@yahoo.com', 'Nurse'),
(263, 'Jason', '.', 'Arranzado', 1, NULL, NULL, '09267191794', 'jasonarranzado@gmail.com', 'Nurse'),
(264, 'Geordie Grace', '.', 'Belleza', 1, NULL, NULL, '09176492132', 'broke_shield@yahoo.com', 'Nurse'),
(265, 'Steven', '.', 'Geonzon', 1, NULL, NULL, '09155312336', 'stevengeonzon@gmail.com', 'Nurse II'),
(266, 'Jethame', 'P.', 'Cobrado', 1, NULL, NULL, '09958820206', 'jetcobrado06@gmail.com', 'Nurse'),
(267, 'Mary Ann', 'D.', 'Carreon', 1, NULL, NULL, '09177733747', 'ann.carreon@yahoo.com', 'Nurse'),
(268, 'Janice', 'P.', 'Maranan', 1, NULL, NULL, '09772577477', 'janiceperalta83@yahoo.com', 'Nurse'),
(269, 'Malealyn', 'S.', 'Laranjo', 1, NULL, NULL, '09394326642', 'malealaranjoII@gmail.com', 'Nurse'),
(270, 'Miraflor', 'F.', 'Legaspi', 1, NULL, NULL, '09084549445', 'legaspimiraflor@yahoo.com', 'Nurse'),
(271, 'Michell Therese', '.', 'Badayor', 1, NULL, NULL, '09178777445', 'michell29badayor@gmail.com', 'Nurse'),
(272, 'Melodey', 'A.', 'Yongco', 1, NULL, NULL, '09293780237', 'llylechdric@gmail.com', 'Nurse'),
(273, 'Michelle', 'G.', 'Espaola', 1, NULL, NULL, '09177066300', 'mheekai@yahoo.com', 'Nurse'),
(274, 'Sheva', 'O.', 'Balatbat', 1, NULL, NULL, '09053086023', 'almarantz@live.com', 'Nurse'),
(275, 'Imee', 'V.', 'Quinte', 1, NULL, NULL, '09293685698', 'imeequinte@yahoo.com', 'Nurse'),
(276, 'Analie', 'P.', 'Ordeiza', 1, NULL, NULL, '09234357582', 'analieordeniza1992@gmail.com', 'Nurse'),
(277, 'Michael', 'P.', 'Rabaya', 1, NULL, NULL, '09273538670', 'janmihale@yahoo.com', 'Nurse'),
(278, 'Leward', 'T.', 'Mahinay', 1, NULL, NULL, '09470702354', 'lewardmahinay@gmail.com', 'Nurse'),
(279, 'Kristine mae', 'G.', 'Flores', 1, NULL, NULL, '09171085510', 'kristinemae.flores@yahoo.com', 'Nurse'),
(280, 'Raymart', 'P.', 'De los Santos', 1, NULL, NULL, '09435366140', 'raymart_272@yahoo.com', 'Nurse'),
(281, 'Claire', 'L.', 'Dacuma', 1, NULL, NULL, '091076909721', 'clairedacuma@gmail.com', 'Nurse'),
(282, 'Jessa Mae', '.', 'Baroa', 1, NULL, NULL, '09423139589', 'Baronajessamae@yahoo.com', 'Nurse'),
(283, 'Mars Dianne', 'B.', 'Sabalones', 1, NULL, NULL, '09173240032', 'marsabalones@yahoo.com', 'Nurse'),
(284, 'Vander Weyden', 'P.', 'Densing', 1, NULL, NULL, '09452394018', 'vanderweyden19@gmail.com', 'Nurse'),
(285, 'Locelyn', 'D.', 'Asumen', 1, NULL, NULL, '09339205587', 'indaybalen@gmail.com', 'Nurse'),
(286, 'Richell', '.', 'Gallego', 1, NULL, NULL, '09673162446', 'luchadoh@gmail.com', 'Nurse'),
(287, 'Mary Grace', 'F.', 'Caballero', 1, NULL, NULL, '09451248195', 'caballeromarygrace@gmail.com', 'Nurse'),
(288, 'Armando', 'C.', 'Cabuenas', 1, NULL, NULL, '09222267226', 'cabuenas.aemando@yahoo.com', 'Nurse'),
(289, 'David Jr.', '.', 'Sacris', 1, NULL, NULL, '0977782850', 'davidsacris07@gmail.com', 'Admin Asst. I'),
(290, 'Heginio Cachero', '.', 'Abuda', 2, NULL, NULL, '09176495157', 'hcabudamd@yahoo.com', 'MO IV'),
(291, 'May Ann', 'A.', 'Anin', 2, NULL, NULL, '09228327766', 'nmnmn@yahoo.com', 'MO IV'),
(292, 'Mark', 'M.', 'Ando', 2, NULL, NULL, '09255008074', 'jkhhjkn@yahoo.com', 'MO IV'),
(293, 'Carla', 'B.', 'Cabrera', 2, NULL, NULL, '09228224890', 'carlacabrera2010@yahoo.com', 'MSc III'),
(294, 'Ma. Gladys', 'S.', 'Decena', 2, NULL, NULL, '09295105512', 'hjnklm@yahoo.com', 'MO IV'),
(295, 'Gladys', 'B.', 'Dela Paz', 2, NULL, NULL, '09177106211', 'gjhjk@yahoo.com', 'MO IV'),
(296, 'Manuel Emerson', 'S.', 'Donaldo', 2, NULL, NULL, '09173204149', 'sambagii2000@gmail.com', 'MSc IV'),
(297, 'Annabel', 'M.', 'Laranjo', 2, NULL, NULL, '09433625270', 'docnaynay@gmail.com', 'MO IV'),
(298, 'Gregorio Jesus', 'E.', 'Manguerra', 2, NULL, NULL, '09328553977', 'gjceman@gmail.com', 'MSc II'),
(299, 'Daisy marie', 'M.', 'Garbo', 2, NULL, NULL, '09433084858', 'bgjklj@yahoo.com', 'MO IV'),
(300, 'Jasmin', 'O.', 'Olorvida', 2, NULL, NULL, '09177391211', 'bhuijkb@yahoo.com', 'MO IV'),
(301, 'Ella', 'R.', 'Omolon', 2, NULL, NULL, '09985799576', 'hjguihuih@yahoo.com', 'MSc III'),
(302, 'Madeleine', 'P.', 'Perocho', 2, NULL, NULL, '09178314268', 'madeleine.perocho@gmail.com', 'MO IV'),
(303, 'Duvaljohn Urge', '.', 'Raza', 2, NULL, NULL, '000', 'hghjknbknjk@yahoo.com', 'MSc IV'),
(304, 'Ernesto', 'J.', 'Repollo', 2, NULL, NULL, '09177266036', 'polyritchel@yahoo.com', 'MO IV'),
(305, 'Rylene', 'A.', 'Baquilod', 2, NULL, NULL, '09776865080', 'rylenebaquilod@gmail.com', 'MO IV'),
(306, 'Donny Jay', 'E.', 'Yu', 2, NULL, NULL, '09258294619', 'donnyjayyu@gmail.com', 'MSc III'),
(307, 'Jose Christopher', 'R.', 'Cabahug', 2, NULL, NULL, '09177053188', 'silingmananambal@gmail.com', 'MO III'),
(308, 'Wynchelle May', 'A.', 'Enriquez', 2, NULL, NULL, '09235509948', 'wynter24@yahoo.com', 'MO III'),
(309, 'Karen', 'A.', 'Payad', 2, NULL, NULL, '09257442322', 'karen72785@yahoo.com', 'MO III'),
(310, 'Thomas Vincent', '.', 'Tan', 2, NULL, NULL, '091770188976', 'lkjlnjkhki@yahoo.com', 'MO III'),
(311, 'Tweety', '.', 'Pacaldo', 2, NULL, NULL, '09173050838', 'nkjioscdjkn@gmail.com', 'MO III'),
(312, 'Ferline Rachelle', 'U.', 'Go', 2, NULL, NULL, '09173273088', 'guguidhuk@yahoo.com', 'MO III'),
(313, 'Sigfired', '.', 'Dy', 2, NULL, NULL, '09171133022', 'dysigfried@gmail.com', 'MO III'),
(314, 'Lovely', '.', 'Parohinong', 2, NULL, NULL, '09954756235', 'luv_muchamiel@yahoo.com', 'MO III'),
(315, 'Dennis', '.', 'Sabellano', 2, NULL, NULL, '09475020802', 'bjkhk@yahoo.com', 'MO III'),
(316, 'Amytess', 'T.', 'Alinsugay', 2, NULL, NULL, '09982304355', 'vksgudi@yahoo.com', 'MO III'),
(317, 'Salve Marie', '.', 'Fernandez', 2, NULL, NULL, '09055239098', 'gyugugh@gmail.com', 'MO III'),
(318, 'Kerwin', 'A.', 'Inso', 2, NULL, NULL, '09226247748', 'bjkbduib@yahoo.com', 'MO III'),
(319, 'Michelle Ann', '.', 'Mahilum', 2, NULL, NULL, '09425807088', 'bkjhbsk@yahoo.com', 'MO III'),
(320, 'Frannie Jane', 'G.', 'Nillama', 2, NULL, NULL, '09959119352', 'bjkhs@yahoo.com', 'MO III'),
(321, 'Lisette Francine', '.', 'Parilla', 2, NULL, NULL, '09177028238', 'bhbs@gmail.com', 'MO III'),
(322, 'Berlin', '.', 'Lastimosa', 2, NULL, NULL, '000', 'bjbhsh@yahoo.com', 'MO III'),
(323, 'Janice', 'E.', 'Dela Calzada', 2, NULL, NULL, '09333311954', 'delsenyora82@gmail.com', 'Admin Asst. I'),
(324, 'Jon Marianne', '.', 'Bacalan', 1, NULL, NULL, '09183003916', 'jonmarieannnebalorio@gmail.com', 'Nurse'),
(325, 'Elviria mae', 'L.', 'Autor', 1, NULL, NULL, '09229891064', 'maeautor@gmail.com', 'Nurse'),
(326, 'Jiovilito', 'M.', 'Arcala', 1, NULL, NULL, '09231303086', 'chubzarcala@yahoo.com', 'Nurse'),
(327, 'Shien Irish', 'J.', 'Cabanes', 1, NULL, NULL, '09304025642', 'shiencabanes@yahoo.com', 'Nurse'),
(328, 'Anabel', 'F.', 'Taborada', 1, NULL, NULL, '09062780408', 'anabel.gwapa38@gmail.com', 'Nurse'),
(329, 'lilibeth', '.', 'Bardoc', 1, NULL, NULL, '09223190288', 'lilibethlim98@yahoo.com', 'Nurse II'),
(330, 'Eureka', 'P.', 'Tecson', 1, NULL, NULL, '09277318921', 'eurekatecson@yahoo.com', 'Nurse II'),
(331, 'Jovel', 'R.', 'Basalo', 1, NULL, NULL, '09219228433', 'jrab330@gmail.com', 'Nurse I'),
(332, 'Micha', 'B.', 'Trinidad', 1, NULL, NULL, '09565982012', 'inscabales@yahoo.com', 'Nurse II'),
(333, 'Maria Divina', '.', 'Aguilar', 1, NULL, NULL, '09205484034', 'chums15@gmail.com', 'Midwife I'),
(334, 'Armeth Jeanchus', 'C.', 'Genito', 1, NULL, NULL, '09176465288', 'amneth_genito@yahoo.com', 'Nurse I'),
(335, 'Daryl Jyn', 'G.', 'Alfornon', 1, NULL, NULL, '09209595901', 'djalfornon@gmail.com', 'Nurse I'),
(336, 'Anna Carmela', 'V.', 'Ipang', 1, NULL, NULL, '09055609931', 'onelvillipong@gmail.com', 'Nurse II'),
(337, 'April', 'B.', 'Banque', 1, NULL, NULL, '09055510145', 'aprilbbanque@gmail.com', 'Nurse II'),
(338, 'Rendin', 'G.', 'Bentain', 1, NULL, NULL, '09322649392', 'rendinbentain@gmail.com', 'Nurse II'),
(339, 'Julie Ann', 'A.', 'Cabigas', 1, NULL, NULL, '09232217108', 'julieannalo555@yahoo.com', 'Nurse III'),
(340, 'Ejay', '.', 'Gabuya', 1, NULL, NULL, '09361159755', 'gabuyaejay@yahoo.com', 'NA I'),
(341, 'Shiela', 'A.', 'Gengia', 1, NULL, NULL, '09451248175', 'westley9811@yahoo.com', 'NUrse I'),
(342, 'Ann Mariz', 'M.', 'Guia', 1, NULL, NULL, '09173104841', 'mar204_medz@yahoo.com.ph', 'Nurse I'),
(343, 'Richard', 'D.', 'Gutierrez', 1, NULL, NULL, '09953603459', 'rich_choy88@yahoo.com', 'NA I'),
(344, 'Jovelyn', 'M.', 'Lavadar', 1, NULL, NULL, '09279690926', 'aljovy24@yahoo.com', 'Nurse II'),
(345, 'Karen', 'T.', 'Manlosa', 1, NULL, NULL, 'manlosaktm@gmail.com', 'manlosaktm@gamil.com', 'Nurse I'),
(346, 'Danilo', 'R.', 'Mahilum', 1, NULL, NULL, '09424493626', 'laskee_dm@yahoo.com', 'NA I'),
(347, 'Florisa', 'O.', 'Mendiola', 1, NULL, NULL, '09664130813', 'aizyobejoro@yahoo.com', 'Nurse II'),
(348, 'Jhulian Paul', 'R.', 'Morable', 1, NULL, NULL, '09491620343', 'wjhulian15@gmail.com', 'Nurse I'),
(349, 'Paula', 'M.', 'Pableo', 1, NULL, NULL, '095627773661', 'cheri_me16@yahoo.com', 'Nurse II'),
(350, 'Maria Belinda', 'B.', 'Paes', 1, NULL, NULL, '09326070009', 'ghguia@yahoo.com', 'Nurse I'),
(351, 'Agnes', 'A.', 'Rivera', 1, NULL, NULL, '09452479220', 'agnesabadilla@yahoo.com', 'Nurse I'),
(352, 'Domingo', '.', 'Restauro', 1, NULL, NULL, '09231742013', 'bhjhj@yahoo.com', 'NA I'),
(353, 'Riezzel', 'S.', 'Sasan', 1, NULL, NULL, '09276813867', 'riezzeltdh@gmail.com', 'NA II'),
(354, 'Haide', 'H.', 'Agravante', 1, NULL, NULL, '09173235075', 'gbhgsui@yahoo.com', 'Nurse III'),
(355, 'John Carlo', '.', 'Brillantes', 1, NULL, NULL, '09308590217', 'jacalobrillates10@gmail.com', 'Admin Asst. I'),
(356, 'Johnry', '.', 'Bulat-ag', 1, NULL, NULL, '09438597156', 'hugdyufgsyu@yahoo.com', 'Nurse III'),
(357, 'Silvette', '.', 'Sabido', 1, NULL, NULL, '09957265538', 'abangansilvette@gmail.com', 'Nurse'),
(358, 'Loreto', '.', 'Catubig', 1, NULL, NULL, '09264029242', 'catubig.loreto1158@gmail.com', 'Nurse'),
(359, 'Rolando', '.', 'Pongcol', 1, NULL, NULL, '09336246567', 'nkjsk@yahoo.com', 'Nurse'),
(360, 'Ann Candice', '.', 'Labajo', 1, NULL, NULL, '09283311593', 'ariannachelsealabajo@gmail.com', 'Nurse'),
(361, 'Rene Angelo', '.', 'Laspias', 1, NULL, NULL, '09550966597', 'renangelo@yahoo.com', 'Nurse'),
(362, 'Gide', '.', 'Dipz', 1, NULL, NULL, '09561500764', 'darlingdee1430@gmail.com', 'Nurse'),
(363, 'Keth Ni0', '.', 'Relacion', 1, NULL, NULL, '09206225183', 'keithrelacion@gmail.com', 'Nurse'),
(364, 'Sherwina', '.', 'Ursal', 1, NULL, NULL, '09163387507', 'jkhduish@yahoo.com', 'Nurse'),
(365, 'Jurnel', '.', 'Rosalina', 1, NULL, NULL, '0000', 'njsh@yahoo.com', 'Nurse'),
(366, 'Lira May', '.', 'Atillo', 1, NULL, NULL, '09238760229', 'liramayatillo@gmail.com', 'Nurse'),
(367, 'Christie', '.', 'Teopiz', 1, NULL, NULL, '09568479599', 'njahb@yahoo.com', 'Nurse'),
(368, 'Mitzie Gay', '.', 'Ambalate', 1, NULL, NULL, '09177856458', 'mitzie.ambalate@yahoo.com', 'Nurse'),
(369, 'Winston', '.', 'Sevilla', 1, NULL, NULL, '09334154228', 'tonton_sevilla@yahoo.com', 'Nurse'),
(370, 'Vanessa Jay', '.', 'WOng', 1, NULL, NULL, '09959516116', 'nuibee42@gmail.com', 'Nurse'),
(371, 'Georgia', 'M.', 'Rabor', 1, NULL, NULL, '09222232282', 'gingerale3971@gmail.com', 'Nurse I'),
(372, 'Carmi Grace', 'P.', 'Funcion', 1, NULL, NULL, '09433034972', 'funcion_carmigrace@yahoo.com', 'Nurse I'),
(373, 'Rozel', 'D.', 'Ylaya', 1, NULL, NULL, '09476092090', 'redelaroarosel18@gmail.com', 'NA II'),
(374, 'Bon Leonil', 'C.', 'Raga', 1, NULL, NULL, '09270380169', 'ragbonleonil@gmaill.com', 'Nurse I'),
(375, 'Dennise Raye', '.', 'Aliganga', 1, NULL, NULL, '09560085766', 'dennisealiganag@yahoo.com', 'Nurse I'),
(376, 'Stella', '.', 'Sevilla', 1, NULL, NULL, '09232600113', 'stelaapsevilla@yahoo.com', 'Nurse II'),
(377, 'Mark Anthony', '.', 'Becbec', 1, NULL, NULL, '09394500066', 'ma.becbec@yahoo.com', 'Nurse I'),
(378, 'Roger Mark', '.', 'Pesole', 1, NULL, NULL, '09306883550', 'rogermarl.pesole@gmail.com', 'Nurse I'),
(379, 'Jun Ian', '.', 'Ababon', 1, NULL, NULL, '09055233561', 'ababonji2@gmail.com', 'NA II'),
(380, 'Kevin Rey', '.', 'Adlawan', 1, NULL, NULL, '0970903725', 'adlawankevin@yahoo.com', 'Nurse I'),
(381, 'Madelyn', '.', 'Tomada', 1, NULL, NULL, '09155458441', 'madelyntoamada@gmail.com', 'NA II'),
(382, 'Marigold', '.', 'Aponesto', 1, NULL, NULL, '09276332537', 'meijo_aponesto@yahoo.com', 'Nurse III'),
(383, 'Jeni June', 'A.', 'Romano', 1, NULL, NULL, '09451282051', 'jj_june2001@yahoo.com', 'Nurse I'),
(384, 'Joseph', '.', 'Bascon', 1, NULL, NULL, '09177069662', 'tinabiancz@gmail.com', 'NA II'),
(385, 'Drazen', 'A.', 'Paracuelles', 1, NULL, NULL, '09272773259', 'drazenparcuelles@gmail.com', 'Nurse'),
(386, 'Jeffrey', 'M.', 'Sala', 1, NULL, NULL, '09365265429', 'jmsala@swu.phinma.edu.ph', 'Admin Asst. I'),
(387, 'Elvira', '.', 'Camindo', 1, NULL, NULL, '09423148034', 'elvira@gmail.com', 'Nurse'),
(388, 'Ezra', 'T.', 'Singco', 1, NULL, NULL, '09223959221', 'ezra_singco@yahoo.com', 'Nurse'),
(389, 'Nikki Gay', 'V.', 'Vergara', 1, NULL, NULL, '09420832781', 'gaynikki24@gmail.com', 'Nurse'),
(390, 'Maria Denia', '.', 'Abacajan', 1, NULL, NULL, '09287713250', 'jarjem59@gmail.com', 'Nurse'),
(391, 'Aprill Angeli', '.', 'Cabello', 1, NULL, NULL, '09456106567', 'Cabello.aprilangeli@gmail.com', 'Nurse'),
(392, 'Alfie', 'M.', 'Malinao', 1, NULL, NULL, '09162452342', 'malinao.alfie@gmail.com', 'Nurse'),
(393, 'Dennis', 'P.', 'Villavelez', 1, NULL, NULL, '09666410839', 'shovillavelez@yahoo.com', 'Nurse'),
(394, 'Emelita', 'N.', 'Abadioz', 1, NULL, NULL, '09176625280', 'gingnava28@gmail.com', 'Nurse'),
(606, 'Alberto Jr.', 'L.', 'Toreno', 4, NULL, NULL, '09335483216', 'tdhalbertjr@gmail.com', 'Hospital Housekeeper'),
(396, 'Jessica', 'E.', 'Abellana', 1, NULL, NULL, '09177612562', 'hjgsdjg@yahoo.com', 'Nurse'),
(397, 'Abigail', 'C.', 'Padayao', 1, NULL, NULL, '09953606532', 'padayaoabigail@gmail.com', 'Nurse'),
(398, 'Ivy', 'C.', 'Estillore', 1, NULL, NULL, '09162869850', 'ivylyntrack@gmail.com', 'Nurse'),
(399, 'Gian Luigi', '.', 'cabigas', 1, NULL, NULL, '09228214370', 'gianluigicabigas21@gmail.com', 'Nurse'),
(400, 'Neil Allan', 'R.', 'Caballero', 1, NULL, NULL, '09327927069', 'neilcaballero@yahoo.com', 'Nurse'),
(401, 'Brigmor', 'V.', 'Barliso', 1, NULL, NULL, '09569554203', 'barliso.brigmor@gmail.com', 'Nurse'),
(402, 'Christine Marie', '.', 'Abellana', 1, NULL, NULL, '09178379841', 'itch_tinie@yahoo.com', 'Nurse'),
(403, 'Fe Daryl', '.', 'Magallon', 1, NULL, NULL, '09177700167', 'fdmagallon@yahoo.com', 'Nurse'),
(404, 'Rowena', 'R.', 'Abao', 1, NULL, NULL, '09283049285', 'rowena_abao2006@yahoo.com', 'Nurse'),
(405, 'John Laurence', 'A.', 'Libron', 1, NULL, NULL, '09396609345', 'laurencejlal@gmail.com', 'Nurse'),
(406, 'Rane Haze', 'V.', 'Banque', 1, NULL, NULL, '09280428437', 'werismydustpan70@gmail.com', 'Nurse'),
(407, 'Jhapet', 'D.', 'Mancelita', 1, NULL, NULL, '09959615491', 'jahpet.mancelita@gmail.com', 'Nurse'),
(408, 'Chester', 'B.', 'Hamoy', 1, NULL, NULL, '09154632464', 'bonjong91@yahoo.com.ph', 'Nurse'),
(409, 'Grel Louie', 'G.', 'Perdido', 1, NULL, NULL, '09977168735', 'grelperdido@gmail.com', 'Nurse'),
(410, 'Precilla Marie', 'L.', 'Soriso', 1, NULL, NULL, '09232390740', 'psoriso@gmail.com', 'Nurse'),
(411, 'Yngell Faith', 'L.', 'Lape', 1, NULL, NULL, '09438194977', 'jellato18@gmail.com', 'Nurse'),
(412, 'Alfredo', '.', 'Ale', 1, NULL, NULL, '09422426671', 'alejunix@yahoo.com', 'Nurse'),
(413, 'Alberto', 'D.', 'Ungab', 1, NULL, NULL, '09237171668', 'bshdguig@yahoo.com', 'Nurse'),
(414, 'Geimbee Epifanee', 'E.', 'Bascon', 1, NULL, NULL, '09156001353', 'geimbeea_07@yahoo.com', 'Nurse II'),
(415, 'Jennifer', '.', 'Aznar', 1, NULL, NULL, '09498840631', 'jennifer.aznar@yahoo.com', 'Nurse II'),
(416, 'Kelly sean', 'R.', 'Romero', 1, NULL, NULL, '09457029170', 'kellyromero789@yahoo.com', 'Nurse II'),
(417, 'Jan Ryan', '.', 'Agra', 1, NULL, NULL, '091575871890', 'janagra@gmail.com', 'Nurse I'),
(418, 'Bruce Patrick', 'C.', 'Cabano', 1, NULL, NULL, '09122729102', 'chenita648_lee@yahoo.com', 'Nurse II'),
(419, 'Jose Agustine', 'T.', 'Jaculbe', 1, NULL, NULL, '09179540332', 'jhayjaculbe@gmail.com', 'Nurse I'),
(420, 'Maxileny', '.', 'Barbon', 1, NULL, NULL, '09273663376', 'bMaxileny@yahoo.com', 'Nurse I'),
(421, 'Joanna Kaye', '.', 'Josol', 1, NULL, NULL, '09177183201', 'gikayeron@gmail.com', 'Nurse I'),
(422, 'Jan Roff', 'A.', 'Enriquez', 1, NULL, NULL, '09551140268', 'janronffenriquez1216@gmail.com', 'Nurse I'),
(423, 'Brian Christian', '.', 'Enad', 1, NULL, NULL, '09324724570', 'danenairb03@gamil.com', 'Nurse i'),
(424, 'Neilan John', 'R.', 'Acaso', 1, NULL, NULL, '09151091872', 'mr_acaso@yahoo.com', 'Nurse II'),
(425, 'Ivy Marie', 'V.', 'Hernani', 1, NULL, NULL, '093224293137', 'ivyhernani@yahoo.com', 'Nurse I'),
(426, 'Noe Chito', 'B.', 'Belmonte', 1, NULL, NULL, '09436457058', 'chizdaily@hotmail.com', 'N A II'),
(427, 'Maylette', '.', 'Ignacio', 1, NULL, NULL, '09367227756', 'mayletteignacio@yahoo.com', 'NA I'),
(428, 'Denny', '.', 'Seguisabal', 1, NULL, NULL, '0956538346', 'dseguisabl@gmail.com', 'NA II'),
(429, 'Rosalyn', 'R.', 'Concial', 1, NULL, NULL, '09323949934', 'concialrosalyn89@gmail.com', 'NA II'),
(430, 'Maria Leonora', '.', 'Lasola', 1, NULL, NULL, '09228603001', 'ma.leonoralasola@gmail.com', 'Nurse III'),
(431, 'Jenilyn', '.', 'Dionaldo', 1, NULL, NULL, '09476914608', 'jenrdionaldo@gmail.com', 'Nurse II'),
(432, 'Jeann marie', '.', 'Labajo', 1, NULL, NULL, '09561337862', 'musiclovers_phil@yahoo.com', 'Nurse I'),
(433, 'Joseph Walter', '.', 'Lumayag', 1, NULL, NULL, '09228743021', 'jowalumayag77@gmail.com', 'Nurse II'),
(434, 'Hans Christian', '.', 'Buglosa', 1, NULL, NULL, '09663194341', 'hcabuglosa15@gmail.com', 'Nurse I'),
(435, 'Adrian Owen', '.', 'Patricio', 1, NULL, NULL, '09433463110', 'adrainpatric.rn@gmail.com', 'Nurse I'),
(436, 'Alfred Therese', '.', 'Tan', 1, NULL, NULL, '09087569145', 'Alfredtan6288@gmail.com', 'Nurse I'),
(437, 'Mariel Therese', '.', 'Ylanan', 1, NULL, NULL, '09338110988', 'myylanan@gmail.com', 'Nurse I'),
(438, 'Jave Mark', '.', 'Abaquita', 1, NULL, NULL, '09156572607', 'javemark@gmail.com', 'NA II'),
(439, 'Jannielyn', '.', 'Omambac', 1, NULL, NULL, '09224015922', 'johnzeddians-parba@yahoo.com', 'NA II'),
(440, 'Gretchel', '.', 'Cabaral', 1, NULL, NULL, '09206699060', 'gretchelcabaral@gmail.com', 'NA II'),
(441, 'Roland Mark Rodel', '.', 'Lagos', 1, NULL, NULL, '09167022289', 'rmrdl.rdn@gmail.com', 'Nurse'),
(442, 'Marie Rose', 'C.', 'Andrin', 1, NULL, NULL, '09171885952', 'marieroseandrin@gmail.com', 'Nurse'),
(443, 'Marie Garcia', '.', 'Saubert', 1, NULL, NULL, '09277333598', 'saubertmarie8598@gmail.com', 'Nurse'),
(444, 'Marc Ryan', '.', 'Portuguez', 1, NULL, NULL, '09177261166', 'marc.ryan520@yahoo.com', 'Nurse II'),
(445, 'Celine', '.', 'Acua', 1, NULL, NULL, '09303397147', 'celine.821@gmail.com', 'Admin Asst. I'),
(446, 'June Mark', 'R.', 'Alferez', 1, NULL, NULL, '09294810766', 'jmalferez26@yahoo.com', 'Nurse'),
(447, 'John Carlo', 'L.', 'Divina', 1, NULL, NULL, '09333252888', 'dvynejc200@yahoo.com', 'Nurse III'),
(448, 'Joanna Michelle', 'F.', 'Estoy', 1, NULL, NULL, '09228072841', 'joanestoy87@gmail.com', 'Nurse'),
(449, 'Harby', 'O.', 'Abellanosa', 1, NULL, NULL, '000', 'tdhnursingservise@gmail.com', 'Chief Nurse'),
(450, 'Julius', 'B.', 'Baysa', 4, NULL, NULL, '000', 'bhjjk@yahoo.com', 'ooo'),
(451, 'Jennyvie', 'H.', 'Rizon', 4, NULL, NULL, '000', 'bjk@yahoo.com', 'ooo'),
(452, 'Michele Ann', 'C.', 'Mahilum', 2, NULL, NULL, '000', 'ghgyud@yahoo.com', 'MO III'),
(453, 'Ana Isobelle', 'K.', 'Zerna', 2, NULL, NULL, '00', 'bhgshg@yahoo.com', 'MO III'),
(454, 'Jemark', 'C.', 'Garcia', 3, NULL, NULL, '000', 'jhsjdh@yahoo.com', 'oo'),
(455, 'Razel', 'P.', 'Suyacano', 3, NULL, NULL, '00', 'jhaujhs@yahoo.com', 'oo'),
(456, 'Julyene', 'M.', 'Hermosilla', 3, NULL, NULL, '00', 'bhsd@yahoo.com', 'oo'),
(457, 'Rubista', 'C.', 'Basallo', 3, NULL, NULL, '000', 'bjhduih@yahoo.com', 'ooo'),
(458, 'Maria Lourdes', 'S.', 'Alanzado', 3, NULL, NULL, '000', 'njdshfu@yahoo.com', 'Dentist III'),
(459, 'Nino', 'G.', 'Nakila', 3, NULL, NULL, '000', 'njhjsh@yahoo.com', 'Admin Asst. II'),
(460, 'Maria Teresa', 'B.', 'Bustamante', 3, NULL, NULL, '00', 'nbjksdhjk@yahoo.com', 'oo'),
(461, 'Shiela', 'S.', 'Tello', 3, NULL, NULL, '000', 'bhgdg@yahoo.com', 'ooo'),
(462, 'Manuelito', 'D.', 'Taparan', 3, NULL, NULL, '000', 'nmbhg@yahoo.com', 'OOO'),
(463, 'Rainer', 'A.', 'Icamina', 3, NULL, NULL, '000', 'njkdsh@yahoo.com', 'Dentist II'),
(464, 'Rainer Gerard', 'A.', 'Gadiane', 3, NULL, NULL, '00', 'njkdhu@yahoo.com', '***'),
(465, 'Rolando', 'A.', 'Samson', 3, NULL, NULL, '000', 'njkdhf@yahoo.com', '***'),
(466, 'Mary Grace', 'A.', 'Nemenzo', 3, NULL, NULL, '090', 'njkdhfui@yahoo.com', '****'),
(467, 'Zarah Abigail', 'B.', 'Ylanan', 3, NULL, NULL, '000', 'njkhsd@yahoo.com', '****'),
(468, 'Jenny Mae', 'Y.', 'Allones', 3, NULL, NULL, '00', 'njsdhfu@yahoo.com', '***'),
(469, 'Joan Marie', 'T.', 'Montayre', 3, NULL, NULL, '000', 'bhjshg@yahoo.com', '***'),
(470, 'John Elmer', 'M.', 'Labra', 3, NULL, NULL, '00', 'njkd@yahoo.com', '**'),
(471, 'Stella', 'P.', 'Sevilla', 3, NULL, NULL, '000', 'bjdhfj@yahoo.com', '***'),
(472, 'Neil Allan', 'R.', 'Caballero', 3, NULL, NULL, '000', 'bhjs@yahoo.com', '***'),
(473, 'Christine May', 'C.', 'Cabizas', 3, NULL, NULL, '000', 'mkijisj@yahoo.com', '***'),
(474, 'Grel Louie', 'G.', 'Perdido', 3, NULL, NULL, '00', 'NJHNJS@yahoo.com', '***'),
(475, 'Kimberley', 'J.', 'Angcon', 3, NULL, NULL, '00', 'njsh@yahoo.com', '**'),
(476, 'Brigmor', 'V.', 'Barliso', 3, NULL, NULL, '000', 'njdhf@yahoo.com', '***'),
(477, 'Marlon', 'A.', 'Hermosada', 3, NULL, NULL, '000', 'Bhgh@yahoo.com', '***'),
(478, 'Vanessa Joy', 'R.', 'Wong', 3, NULL, NULL, '00', 'bjkdsh@yahoo.com', '***'),
(479, 'Joyce', 'P.', 'Turno', 1, NULL, NULL, '000', 'bjhdg@yahoo.com', '**'),
(480, 'Jun- ian', '.', 'Ababon', 1, NULL, NULL, '000', 'bhgsh@yahoo.com', 'Nurse'),
(481, 'Michael', 'N.', 'Abadilla', 1, NULL, NULL, '00', 'njhujs@yahoo.com', '***'),
(482, 'Shella Mae', 'D.', 'Rabadon', 1, NULL, NULL, '000', 'nbjkfh@yahoo.com', '***'),
(483, 'John Carlo', 'A.', 'Brillantes', 1, NULL, NULL, '00', 'jh@yahoo.com', 'Admin Assist. I'),
(484, 'Meriel', 'B.', 'Sellon', 1, NULL, NULL, '000', 'bbgsh@yahoo.com', 'Nurse'),
(485, 'Sanbert Marie', 'C.', 'Garcia', 1, NULL, NULL, '000', 'bjsh@yahoo.com', 'Nurse II'),
(486, 'Kevin Clyde', 'S.', 'Tiro', 3, NULL, NULL, '00', 'bjsh@yahoo.com', '***'),
(487, 'Kim', 'D.', 'Reyes', 3, NULL, NULL, '00', 'bjhdhuj@yahoo.com', '***'),
(488, 'Marygrace', 'F.', 'Caballero', 3, NULL, NULL, '00', 'bjhdf@yahoo.com', '***'),
(489, 'Grethel', 'G.', 'Cabaral', 3, NULL, NULL, '0000', 'bhjgds@yahoo.com', '***'),
(490, 'Mitzi Gay', 'V.', 'Ambalate', 3, NULL, NULL, '000', 'bhjahj@yahoo.com', '**'),
(491, 'Vivian', 'A.', 'Labuca', 1, NULL, NULL, '00', 'njfhgui@yahoo.com', 'Nurse'),
(492, 'Venice', 'T.', 'Inihao', 3, NULL, NULL, '00', 'bhdsg@yahoo.com', 'Social worker'),
(493, 'Reyna Ann', 'R.', 'Malalay', 3, NULL, NULL, '00', 'njhd@yahoo.com', '***'),
(494, 'Maria Lou', 'P.', 'Dagatan', 3, NULL, NULL, '000', 'bhjasg@yahoo.com', '***'),
(495, 'Rasim', 'U.', 'Velara', 3, NULL, NULL, '000', 'bdjsg@yahoo.com', '***'),
(496, 'Cristel', 'L.', 'Abarquez', 3, NULL, NULL, '000', 'bhjsdg@yahoo.com', '***'),
(497, 'Grenadier', 'N.', 'Carmona', 3, NULL, NULL, '000', 'bdjsg@yahoo.com', '***'),
(498, 'Nera', 'A.', 'Gica', 3, NULL, NULL, '00', 'bhsdbhj@yahoo.com', '**'),
(499, 'Manuel', 'V.', 'Mark', 3, NULL, NULL, '00', 'bjhdcu@yahoo.com', '**'),
(500, 'Jessa Dhes', 'M.', 'Fua', 3, NULL, NULL, '000', 'bjfkdh@yahoo.com', '***'),
(501, 'Leni Ann', 'F.', 'Larraquel', 3, NULL, NULL, '000', 'njdh@yahoo.com', '**'),
(502, 'James Phillip', 'M.', 'Padillo', 3, NULL, NULL, '00', 'bdshg@yahoo.com', '**'),
(503, 'Engelbert', 'G.', 'Oafer', 3, NULL, NULL, '00', 'bhjdg@yahoo.com', '***'),
(504, 'Jean', 'C.', 'Gapay', 3, NULL, NULL, '000', 'bhjh@yahoo.com', '**'),
(505, 'Janice', 'D.', 'Quizo', 3, NULL, NULL, '000', 'bjhgxd@yahoo.com', '***'),
(506, 'Febrich Lloyd', 'P.', 'Juntilla', 3, NULL, NULL, '000', 'hjdhsuh@yahoo.com', '**'),
(507, 'Alan', 'L.', 'Butihen', 3, NULL, NULL, '000', 'jdhsui@yahoo.com', '**'),
(508, 'Ma. Lealyn', 'C.', 'Dagalea', 3, NULL, NULL, '00', 'njhd@yahoo.com', '***'),
(509, 'Jose Mari', 'C.', 'Deiparine', 3, NULL, NULL, '00', 'nbjdh@yahoo.com', '***'),
(510, 'Thelma', 'Q.', 'Dumagan', 3, NULL, NULL, '00', 'hdgyh@yahoo.com', '**'),
(511, 'Betchie', 'G.', 'Alferez', 3, NULL, NULL, '00', 'bhjgas@yahoo.com', '***'),
(512, 'Jeanalyn', 'G.', 'Coca', 3, NULL, NULL, '00', 'njdhf@yahoo.com', '***'),
(513, 'Mary Frances Clarice', 'C.', 'Mansueto', 3, NULL, NULL, '000', 'bsdhg@yahoo.com', '**'),
(514, 'Euel', 'A.', 'Gallego', 3, NULL, NULL, '000', 'hjkhdfiu@yahoo.com', '**'),
(515, 'John Ray', 'E.', 'Cuizon', 3, NULL, NULL, '000', 'njshu@yahoo.com', '***'),
(516, 'Cristine Bessie', 'E.', 'Daligdig', 3, NULL, NULL, '000', 'bhsdg@yahoo.com', '***'),
(517, 'Beverly Ann', 'O.', 'Abe', 3, NULL, NULL, '000', 'njkdfj@yahoo.com', '***'),
(518, 'Rubie Mae', 'H.', 'Caeda', 3, NULL, NULL, '000', 'nfjkdhgj@yahoo.com', '**'),
(519, 'April Jean', 'L.', 'Gobangco', 3, NULL, NULL, '00', 'hfjkgh@yahoo.com', '**'),
(520, 'Mary Grace', 'L.', 'Leron', 3, NULL, NULL, '00', 'djh@yahoo.com', '***'),
(521, 'Jasmin', 'M.', 'Tan', 3, NULL, NULL, '00', 'jfdh@yahoo.com', '**'),
(522, 'Sheila', 'P.', 'Roo', 3, NULL, NULL, '000', 'ndjfh@yahoo.com', '**'),
(523, 'Charise', 'A.', 'Maturan', 3, NULL, NULL, '00', 'nfjkhn@yahoo.com', '**');
INSERT INTO `participants` (`id`, `fname`, `mname`, `lname`, `division`, `created_at`, `updated_at`, `contact`, `email`, `designation`) VALUES
(524, 'Mark Rizaldy', 'O.', 'Ramos', 3, NULL, NULL, '00', 'djkh@yahoo.com', '**'),
(525, 'Adiel Maris', 'D.', 'Basarang', 3, NULL, NULL, '00', 'gjih@yahoo.com', '**'),
(526, 'Keith Nio', 'D.', 'Relacion', 1, NULL, NULL, '00', 'ndhg@yahoo.com', '**'),
(527, 'Georgia Angela', 'R.', 'Manayon', 1, NULL, NULL, '00', 'djh@yahoo.com', 'NUrse'),
(528, 'Elvigia Mae', '.', 'Autor', 1, NULL, NULL, '00', 'bhjsa@yahoo.com', '**'),
(529, 'Lyndyl Jan', '.', 'Yu', 1, NULL, NULL, '00', 'bhg@yahoo.com', '**'),
(530, 'Kevin Clyde', '.', 'Tiro', 1, NULL, NULL, '00', 'vhg@yahoo.com', '**'),
(531, 'John Kristoffer', '.', 'Lim', 1, NULL, NULL, '00', 'bhj@yahoo.com', '**'),
(532, 'Arnneth Jeanchus', '.', 'Genito', 1, NULL, NULL, '00', 'bhjj@yahoo.com', '**'),
(533, 'Rare Haze', '.', 'Banque', 1, NULL, NULL, '00', 'bjhuj@yahoo.com', '**'),
(534, 'Annet', '.', 'Castillo', 1, NULL, NULL, '00', 'bjhhjs@yahoo.com', '**'),
(535, 'Roan', '.', 'Catubigan', 1, NULL, NULL, '00', 'nxh@yahoo.com', '**'),
(536, 'Nikki Gevenie', '.', 'Naboya', 1, NULL, NULL, '00', 'njh@yahoo.com', '**'),
(537, 'Ray Mark', 'Y.', 'Feranandez', 1, NULL, NULL, '00', 'bhj@yahoo.com', 'Nurse'),
(538, 'John Rey', 'E.', 'Cuizon', 1, NULL, NULL, '00', 'njkzhu@yahoo.com', '**'),
(539, 'Justin Craig', 'B.', 'Delfin', 1, NULL, NULL, '00', 'bhjg@yahoo.com', '**'),
(540, 'April Jane', 'M.', 'Capa', 1, NULL, NULL, '00', 'jndh@yahoo.com', '**'),
(541, 'Karem', '.', 'Manlosa', 1, NULL, NULL, '00', 'nbh@yahoo.com', '**'),
(542, 'Queneve Keisha', 'O.', 'Ragasa', 1, NULL, NULL, '00', 'ndjksh@yahoo.com', '**'),
(543, 'Faith', 'A.', 'Badron', 1, NULL, NULL, '00', 'nbsajh@yahoo.com', '**'),
(544, 'Auna Carmela', 'V.', 'Ipong', 1, NULL, NULL, '00', 'bsdjhu@yahoo.com', '***'),
(545, 'Moneca', '.', 'Erag', 1, NULL, NULL, '00', 'nsjh@yahoo.com', '**'),
(546, 'John Carlo', '.', 'Brillantes', 1, NULL, NULL, '00', 'nsjh@yahoo.com', '**'),
(547, 'Alfio II', 'M.', 'Malinao', 1, NULL, NULL, '00', 'bjkh@yahoo.com', '***'),
(548, 'Dennis', '.', 'Villavelez', 1, NULL, NULL, '00', 'bsjkhui@yahoo.com', '**'),
(549, 'Aliena', 'L.', 'Rabaya', 1, NULL, NULL, '000', 'jdksh@yahoo.com', '***'),
(550, 'Faith', 'H.', 'Cagulada', 2, NULL, NULL, '00', 'njhi@yahoo.com', '**'),
(551, 'Eden', 'M.', 'Demegillo', 2, NULL, NULL, '00', 'njdsh@yahoo.com', '**'),
(552, 'Stacy', 'V.', 'Lape', 2, NULL, NULL, '00', 'ndj@yahoo.com', '**'),
(553, 'Cyd', 'D.', 'Caas', 2, NULL, NULL, '00', 'njkh@yahoo.com', '**'),
(554, 'Marigold', 'B.', 'Alburo', 2, NULL, NULL, '00', 'bjdskh@yahoo.com', '**'),
(555, 'Armie Jane', 'L.', 'Uy-Clarit', 2, NULL, NULL, '00', 'nxjm@yahoo.com', 'MSc III'),
(556, 'Sadamitsu', '.', 'Eramis', 2, NULL, NULL, '00', 'njksdfk@yahoo.com', 'MO III'),
(557, 'James', 'C.', 'Bernal', 2, NULL, NULL, '00', 'xcbjnh@yahho.com', 'MO III'),
(558, 'Gracia Nia', 'R.', 'Bongabong', 2, NULL, NULL, '00', 'nmdsjh@yahoo.com', 'MO III'),
(559, 'Grace', '.', 'Juntilla', 2, NULL, NULL, '00', 'mz@yahoo.com', 'MO III'),
(560, 'Jimmy', 'B.', 'Lomocso', 4, NULL, NULL, '00', 'njh@yahoo.com', 'IT'),
(561, 'Rene', 'M.', 'Beldas', 4, NULL, NULL, '00', 'nsjkah@yahoo.com', 'Nurse III'),
(562, 'Joanne Michelle', '.', 'Estoy', 1, NULL, NULL, '00', 'bxhjz@yahoo.com', '**'),
(563, 'Sean Gerard', '.', 'Solana', 1, NULL, NULL, '00', 'nsjkd@yahoo.com', '**'),
(564, 'Karen', '.', 'Torremocah', 2, NULL, NULL, '00', 'nsdh@yahoo.com', 'MO IV'),
(565, 'Ralph Joseph', 'M.', 'Yu', 2, NULL, NULL, '00', 'bdsb@yahoo.com', '**'),
(566, 'Juliet', 'L.', 'Sanchez', 1, NULL, NULL, '00', 'bdhg@yahoo.com', '**'),
(567, 'Mark', 'G.', 'Maa', 1, NULL, NULL, '00', 'nfdjknhj@yahoo.com', '**'),
(568, 'Nilo', 'S.', 'Logrosa', 1, NULL, NULL, '00', 'djbjh@yahoo.com', '**'),
(569, 'Lambert', 'C.', 'Lape', 1, NULL, NULL, '00', 'jcvnhk@yahoo.com', '**'),
(570, 'Miko Angelo', 'A.', 'De Leon', 1, NULL, NULL, '**', 'dfjkhui@yahoo.com', '**'),
(571, 'Cheryl', 'G.', 'David-Ibay', 2, NULL, NULL, '000', 'nkjsdh@yahoo.com', 'MO IV'),
(572, 'Maria Kara J', 'O.', 'Bangot', 2, NULL, NULL, '00', 'bsdjkh@yahoo.com', 'Admin Asst. II'),
(573, 'Gila May', 'B.', 'Babaran', 2, NULL, NULL, '00', 'ndjknh@yahoo.com', 'Admin Asst. I'),
(574, 'Therese Marie', 'B.', 'Abellon', 1, NULL, NULL, '000', 'dfjh@yahoo.com', '***'),
(575, 'Hannah Grace', 'L.', 'Betana', 1, NULL, NULL, '00', 'ndjkh@yahoo.com', '**'),
(576, 'Bon Leonil', 'C.', 'Raga', 1, NULL, NULL, '00', 'nkfjbio@yahoo.com', '**'),
(577, 'Dan Lourenz', 'A.', 'Penaranda', 1, NULL, NULL, '00', 'bdjsgb@yahoo.com', '**'),
(578, 'Shiela', 'A.', 'Grengia', 1, NULL, NULL, '00', 'dnjklh@yahoo.com', '**'),
(579, 'Lorna', 'P.', 'Alves', 1, NULL, NULL, '00', 'fjnvj@yahoo.com', 'Nurse II'),
(580, 'Celestina', '.', 'Junio', 1, NULL, NULL, '00', 'mklfg@yahoo.com', '**'),
(581, 'Maria Lourdes', 'M.', 'Samson', 1, NULL, NULL, '000', 'ndjks@yahoo.com', '**'),
(582, 'Cresencio', 'G.', 'Alo', 1, NULL, NULL, '00', 'kfgmj@yahoo.com', '**'),
(583, 'Juditha', 'C.', 'Campo', 1, NULL, NULL, '**', 'klji@yahoo.com', '***'),
(584, 'Helbert', 'A.', 'Ayong', 1, NULL, NULL, '000', 'jfkn@yahoo.com', '**'),
(585, 'Daffodil', 'S.', 'Gonzaga', 1, NULL, NULL, '00', 'nfkl@yahoo.com', '***'),
(586, 'Renilda', 'B.', 'Amacna', 1, NULL, NULL, '000', 'jknv@yahoo.com', '**'),
(587, 'Mark Ryan', 'Y.', 'Fernandez', 1, NULL, NULL, '00', 'nkfgj@yahoo.com', '**'),
(588, 'Jeremias', 'P.', 'Leyson', 2, NULL, NULL, '000', 'nfkjgdhfiu@yahoo.com', 'Medical Specialist IV'),
(589, 'Janice', '.', 'Maranan', 1, NULL, NULL, '000', 'jkhki@yahoo.com', '**8'),
(590, 'Donna', '.', 'Piner', 6, NULL, NULL, '00', 'nbfgjkh@yahoo.com', '**'),
(591, 'Magdalina', '.', 'Ambil', 7, NULL, NULL, '00', 'ngklhj@yahoo.com', '**'),
(592, 'Wilbert Woodrow', '.', 'Reuyan', 7, NULL, NULL, '00', 'bjkfhk@yahoo.com', '***'),
(593, 'Jenifer', '.', 'Pantalita', 7, NULL, NULL, '000', 'ng@yahoo.com', '***'),
(594, 'Noellyn Ann', '.', 'Granado', 7, NULL, NULL, '00', 'njfdn@yahoo.com', '**'),
(595, 'Juvani', '.', 'Marikit', 1, NULL, NULL, '00', 'klfgj@yahoo.com', 'nurse I'),
(596, 'Sheila', '.', 'Abella', 1, NULL, NULL, '00', 'nbjkhu@yahoo.com', '**'),
(597, 'Myla', 'D.', 'Borromeo', 3, NULL, NULL, '000', 'fkvnjk@yahoo.com', '****'),
(599, 'Sheila', '.', 'Santillan', 2, NULL, NULL, '000', 'mkdhvuj@yahoo.com', 'MO III'),
(600, 'Mark', 'V.', 'Manuel', 3, NULL, NULL, '00', 'njvnjk@yahoo.com', '***'),
(601, 'Michael', 'O.', 'Quepquep', 3, NULL, NULL, '0000', 'bjkfhd@yahoo.com', '***'),
(602, 'Arnel', 'G.', 'Gerona', 3, NULL, NULL, '000', 'njklk@yahoo.com', '**'),
(603, 'Cheryl Mae', 'L.', 'Delima', 3, NULL, NULL, '000', 'njkdfh@yahoo.com', '**'),
(604, 'Charo Samelle', 'P.', 'Omega', 3, NULL, NULL, '000', 'jkdfh@yahoo.com', '***'),
(605, 'Mesciel', 'V.', 'Monter', 3, NULL, NULL, '000', 'bhjvj@yahoo.com', '***'),
(607, 'Ian Aaron', '.', 'Manugas', 4, NULL, NULL, '09771475870', 'iamanugas.tdh@gmail.com', 'CMT II'),
(612, 'James', 'C.', 'Bernal', 2, NULL, NULL, '00', 'nflkd@yahoo.com', 'MO IV'),
(609, 'Rene', 'M.', 'Belaas', 4, NULL, NULL, '09226978315', 'rbeldas@yahoo.com', 'Nurse III'),
(610, 'Ray Mark', '.', 'Fernandez', 4, NULL, NULL, '09321390038', 'raymarkfernadez@gamil.com', 'Nurse II'),
(611, 'Wairley Von', '.', 'Cabiluna', 4, NULL, NULL, '09280601112', 'von.tdh@gmail.com', 'CMT II'),
(613, 'Jason', 'P.', 'Wong', 2, NULL, NULL, '000', 'nlknjs@yahoo.com', 'MO IV');

-- --------------------------------------------------------

--
-- Table structure for table `trainings`
--

DROP TABLE IF EXISTS `trainings`;
CREATE TABLE IF NOT EXISTS `trainings` (
  `id` int(10) UNSIGNED NOT NULL AUTO_INCREMENT,
  `name` varchar(255) COLLATE utf8mb4_unicode_ci NOT NULL,
  `date_training` date NOT NULL,
  `hours` int(11) NOT NULL,
  `created_at` timestamp NULL DEFAULT NULL,
  `updated_at` timestamp NULL DEFAULT NULL,
  PRIMARY KEY (`id`)
) ENGINE=MyISAM AUTO_INCREMENT=107 DEFAULT CHARSET=utf8mb4 COLLATE=utf8mb4_unicode_ci;

--
-- Dumping data for table `trainings`
--

INSERT INTO `trainings` (`id`, `name`, `date_training`, `hours`, `created_at`, `updated_at`) VALUES
(1, 'Basic Life Support', '2019-08-19', 16, NULL, NULL),
(2, 'Basic Life Support', '2019-08-07', 16, NULL, NULL),
(3, 'DOHing HEALTH RESEARCH FOR ALL:MOVING TOWARDS UNIVERSAL HEALTH CARE', '2019-08-30', 8, NULL, '2019-10-01 03:52:50'),
(4, 'Faculty Research Development', '2018-02-07', 24, NULL, NULL),
(6, 'Research Ideas, Design, and Protocol', '2019-07-27', 8, NULL, NULL),
(11, 'Fine Tune Youself : Health and Wellness Seminar', '2019-05-09', 8, NULL, NULL),
(10, 'TDH Orientation Program for Employees', '2019-08-01', 4, NULL, NULL),
(54, '54th Annual Convention and Scientific Seminar Workshops', '2019-03-05', 19, NULL, NULL),
(38, 'PHILIPPINE OBSTETRICAL AND GYNECOLOGICAL SOCIETY', '2019-03-14', 8, NULL, NULL),
(12, 'Training on the use of the Technical Review Board (TRB)', '2019-09-28', 8, NULL, '2019-10-08 08:04:13'),
(13, 'Standard Operating Procedure Workshop  (REC)', '2019-09-10', 8, NULL, NULL),
(14, 'Standard Operating Procedure Workshop (REC)', '2019-09-11', 8, NULL, NULL),
(15, 'Basic Intravenous Therapy In-Service Training for Nurses', '2019-08-14', 24, NULL, NULL),
(16, 'Lactation Management Education Training', '2019-09-04', 24, NULL, NULL),
(17, 'Advance Cardiac Life Support In-Service Training', '2019-07-16', 16, NULL, NULL),
(18, 'Basic Research Ethics Training', '2019-08-29', 16, NULL, NULL),
(19, 'Competency development in Basic Orthopedic and Rehabilitation Nursing', '2019-07-17', 80, NULL, NULL),
(20, 'Family Planning Competency-Based Training Level III', '2019-07-04', 16, NULL, NULL),
(21, 'Basic Intravenous Therapy In-Service Training for Nurses', '2019-07-10', 24, NULL, NULL),
(22, 'Safe Zone: Improving fall Reduction Strategies', '2019-06-25', 8, NULL, NULL),
(23, 'Basic Life Support Cardiopulmonary Resuscitation Training for Healthcare Providers', '2019-09-12', 16, NULL, NULL),
(24, 'TDH Orientation Program for Employees', '2019-04-03', 4, NULL, NULL),
(25, 'Quality Assurance Workshop', '2019-08-31', 8, NULL, NULL),
(26, 'Orientation on Infection Control Pratices:Hand Hygiene', '2019-06-20', 16, NULL, NULL),
(27, 'Orientation on infection Control Practices: hand Hygiene', '2019-07-04', 8, NULL, NULL),
(28, 'ICD -10', '2019-07-28', 24, NULL, NULL),
(29, 'Faculty Research Development', '2019-07-22', 24, NULL, NULL),
(30, 'National Summit for Family and Community Medicine training Program', '2019-09-15', 8, NULL, NULL),
(31, 'Standardization of System Thinking Learning Outcomes For Practice-Based Residency Training in family and Community Medicine', '2019-08-03', 8, NULL, NULL),
(32, 'Communication Strategies to Improve Patient safety- best Practices from the Field', '2019-07-11', 8, NULL, NULL),
(33, 'Evidence Based Medicine Workshop', '2019-06-22', 8, NULL, NULL),
(34, 'Training and Orientation on Online Document tracking Information System', '2019-09-25', 16, NULL, NULL),
(35, 'Attendance to the Emergency Medical Technician (EMT-B)', '2019-08-22', 64, NULL, NULL),
(36, 'Patient Safety, A global health Priority Symposium', '2019-09-17', 8, NULL, NULL),
(37, 'Focusing on Basic, Responding to Trends', '2019-06-28', 8, NULL, NULL),
(39, 'BASIC AND ADVANCED CARDIAC LIFE SUPPORT', '2019-01-16', 24, NULL, NULL),
(40, 'PHREB National Accreditation Training and visit', '2019-02-18', 32, NULL, NULL),
(41, 'Quarterly Maternal Perinatal Statistics', '2019-06-20', 8, NULL, NULL),
(42, 'High Yield OB-GYN INFECTIONS', '2019-08-30', 8, NULL, NULL),
(43, 'Workshop on the Management of Acute Poisoning', '2019-09-27', 8, NULL, NULL),
(44, 'Mindfulness in the Work Place Seminar', '2019-05-11', 8, NULL, NULL),
(45, 'Basic Life Support Cardiopulmonary Resuscitation Training for Lay Rescuers', '2019-03-28', 16, NULL, NULL),
(46, 'Clues to Beat the Code Blues', '2019-01-10', 16, NULL, NULL),
(47, 'TDH Orientation Program for Employees', '2019-01-15', 4, NULL, NULL),
(48, 'Overview of Palliative care and Its Role in Cancer care', '2019-01-18', 8, NULL, NULL),
(49, 'Master Trainer Certification Foundation Course', '2019-01-23', 8, NULL, NULL),
(50, 'Capacity Building on Maternal and Child Health', '2019-01-24', 16, NULL, NULL),
(51, 'Microsoft Product Update and Licensing', '2019-02-12', 8, NULL, NULL),
(52, 'National Immunization Program', '2019-02-12', 4, NULL, NULL),
(53, 'Consultative Meeting regarding Electronic Referral System', '2019-03-04', 8, NULL, NULL),
(55, 'Right Food for the right kind of Diet: A Lecture and Workshop', '2019-03-15', 8, NULL, NULL),
(56, 'ABG Interpretation', '2019-03-21', 2, NULL, NULL),
(58, 'Charge Nurse Training', '2019-02-27', 16, NULL, NULL),
(59, 'Hemodynamics Monitoring', '2019-02-26', 8, NULL, NULL),
(60, 'Fine Tune Yourself: Health and Wellness Seminar', '2019-04-11', 8, NULL, NULL),
(61, 'Fine Tune Yourself: Health and Wellness Seminar', '2019-04-16', 8, NULL, NULL),
(62, 'Fine Tune Yourself: Health Wellness Seminar', '2019-05-02', 8, NULL, NULL),
(63, 'Fine Tune Yourself: Health and Wellness Seminar', '2019-04-25', 8, NULL, NULL),
(64, 'Assent and Consent in Clinical Pediatrics', '2019-05-15', 8, NULL, NULL),
(65, 'Medical, Dental, Surgical and Optical Mission', '2019-10-12', 16, NULL, NULL),
(66, 'Optimizing Value in Healthcare', '2019-05-05', 64, NULL, NULL),
(67, 'Didactic and Clinical Orientation for new Nurses', '2019-01-21', 40, NULL, NULL),
(68, 'Team STEPPS', '2019-03-16', 8, NULL, NULL),
(69, 'Basic life Support Cardio Pulmonary Resuscitation for Lay Rescuers', '2019-02-16', 8, NULL, NULL),
(70, 'Knowledge Management Training for Medical Records Officers/Custodian and Human resource management Officers', '2019-10-08', 24, NULL, NULL),
(71, 'Back to Basics Training Workshop on Cleaning, Disinfection', '2019-01-23', 8, NULL, NULL),
(72, 'Skin Safety Summit', '2019-04-09', 8, NULL, NULL),
(73, 'Fine Tune Yourself: Health Wellness Seminar', '2019-05-30', 8, NULL, NULL),
(74, 'FINE TUNE YOURSELF: HEALTH AND WELLNESS SEMINAR', '2019-05-23', 8, NULL, NULL),
(75, 'FINE TUNE YOURSELF: HEALTH AND WELLNESS SEMINAR', '2019-05-16', 8, NULL, NULL),
(76, 'BLS- Cardiopulmonary Resuscitation Training for Healthcare Providers', '2019-10-03', 16, NULL, NULL),
(77, 'Boot Camp on DOH HR Systems and Policies', '2019-08-14', 24, NULL, NULL),
(78, 'Orientation on Competency Models/Framework and Competency-Based Job descriptions', '2019-07-23', 8, NULL, NULL),
(79, 'Business Competitiveness and Leadership Forum', '2019-01-09', 8, NULL, '2019-10-18 06:48:36'),
(80, 'Training and Orientation on Online Document Tracking Info. System', '2019-09-25', 16, NULL, NULL),
(81, 'PHREB National Accreditation Training and Visit', '2019-02-19', 24, NULL, NULL),
(82, 'Basic Research Ethics Training-Resource Speaker', '2019-08-29', 16, NULL, NULL),
(84, 'Systematic Review of Health Intervention', '2019-03-13', 24, NULL, NULL),
(85, 'Rheumatology Connects', '2019-03-07', 24, NULL, NULL),
(86, 'Space: Spondyloarthropathy Continuing Education Advancing Excellence in Psoriatic Disease Management', '2019-08-25', 8, NULL, NULL),
(87, 'BRET- Workshop- resource speaker', '2019-09-25', 16, NULL, NULL),
(88, 'PHREB National Accreditation Training and Visit FERCAP Surveying and Evaluating Ethical Review Pratices', '2019-06-26', 24, NULL, NULL),
(89, '4th Annual Central Visayas Innovations for Improved Health and Wellness', '2019-05-10', 8, NULL, NULL),
(90, 'International Hepatology Workshop', '2019-06-29', 8, NULL, NULL),
(91, 'Hospital Development Committee Meeting', '2019-07-15', 8, NULL, NULL),
(92, 'Advanced Good Clinical Practice', '2019-10-17', 8, NULL, NULL),
(93, 'Optimizing Value HealthCare', '2019-05-05', 32, NULL, NULL),
(94, 'Regional Coordinating Committee Meeting', '2019-05-31', 8, NULL, NULL),
(95, 'PCP Postgraduate Course I.M.S.H.I.E.L.D', '2019-03-15', 8, NULL, NULL),
(96, 'Basic life Support Cardiopulmonary Resuscitation training for Healthcare Providers', '2019-09-26', 16, NULL, NULL),
(97, 'Good Clinical Practices', '2019-10-22', 8, NULL, NULL),
(98, 'PHILHEALTH CONCERN AND PORTAL ORIENTATION: A LECTURE AND WORKSHOP', '2019-09-24', 8, NULL, NULL),
(100, 'PSGS Surgical Forum', '2019-08-01', 24, NULL, NULL),
(101, 'Team Strategies and Tools to Enhance Performance  and Patient Safety', '2019-07-31', 8, NULL, NULL),
(102, 'Surgery and Its Complications', '2019-05-01', 24, NULL, NULL),
(103, 'Nurses Week Celebration and Annual National Convention', '2019-10-22', 24, NULL, NULL),
(104, 'BASIC RESEARCH ETHICS TRAINING', '2019-10-28', 16, NULL, NULL),
(105, 'Establishment of Violence and Injury Prevention Alliance', '2019-09-24', 8, NULL, NULL),
(106, 'Reaching out and Touching Lives', '2019-06-09', 8, NULL, NULL);

-- --------------------------------------------------------

--
-- Table structure for table `users`
--

DROP TABLE IF EXISTS `users`;
CREATE TABLE IF NOT EXISTS `users` (
  `id` int(10) UNSIGNED NOT NULL AUTO_INCREMENT,
  `fname` varchar(255) COLLATE utf8mb4_unicode_ci NOT NULL,
  `lname` varchar(255) COLLATE utf8mb4_unicode_ci NOT NULL,
  `username` varchar(255) COLLATE utf8mb4_unicode_ci NOT NULL,
  `password` varchar(255) COLLATE utf8mb4_unicode_ci NOT NULL,
  `level` varchar(255) COLLATE utf8mb4_unicode_ci NOT NULL,
  `status` int(11) NOT NULL,
  `created_at` timestamp NULL DEFAULT NULL,
  `updated_at` timestamp NULL DEFAULT NULL,
  PRIMARY KEY (`id`)
) ENGINE=MyISAM AUTO_INCREMENT=3 DEFAULT CHARSET=utf8mb4 COLLATE=utf8mb4_unicode_ci;

--
-- Dumping data for table `users`
--

INSERT INTO `users` (`id`, `fname`, `lname`, `username`, `password`, `level`, `status`, `created_at`, `updated_at`) VALUES
(1, 'Jimmy', 'Parker', 'jimmy', '$2y$10$Bj3GX9/XMj.GJ0kVLngNg.4rd3Tlb6/3dK0cc7gY3oHG/SMIDwbXq', 'admin', 1, NULL, NULL),
(2, 'Michell', 'Sejismundo', 'michell', '$2y$10$nshQfbdUmE7ofrtcooX8jOGO93bNg7MZGuFrgfZ7p3.qQZBhE9Im.', 'admin', 1, NULL, NULL);
COMMIT;

/*!40101 SET CHARACTER_SET_CLIENT=@OLD_CHARACTER_SET_CLIENT */;
/*!40101 SET CHARACTER_SET_RESULTS=@OLD_CHARACTER_SET_RESULTS */;
/*!40101 SET COLLATION_CONNECTION=@OLD_COLLATION_CONNECTION */;
